page,pdf_sha256,render_sha256,review_method,reviewer_type,visual_status,reviewed_at,issue_id,observation
1,f2211520a13e878a275546e6aa1519c1d0d32fb665caa224f95efe1dc566ce09,1639fab0a420c7e8c972ce9d41deb04194d3dd2dc48e64b219ae7e1a058b98d1,RASTER_IMAGE_INSPECTION,VISION_MODEL,PASS,2026-10-08T07:05:00Z,,"Cover: Title GOLANG, subtitle, geometric artwork, author Đoàn Ngọc Hoàng Minh centered; no clipping"
2,f2211520a13e878a275546e6aa1519c1d0d32fb665caa224f95efe1dc566ce09,f3fa105fc645d0290f1c43aa954fd7c14e396b98cd90cb602dd86be0d15dc427,RASTER_IMAGE_INSPECTION,VISION_MODEL,PASS,2026-10-08T07:05:00Z,,"TOC: Header MỤC LỤC, 32 parts/chapters/appendices cleanly tabulated, folio 2 at bottom-left"
3,f2211520a13e878a275546e6aa1519c1d0d32fb665caa224f95efe1dc566ce09,d9d1bdbd0e3f9e034bb5791523dcdeff5a04e8209374bc87c52235229516ce3d,RASTER_IMAGE_INSPECTION,VISION_MODEL,PASS,2026-10-08T07:32:00Z,,"Front Matter: Header Trước khi viết dòng Go đầu tiên, lịch sử hình thành Go từ 2007 (Robert Griesemer, Rob Pike, Ken Thompson), Ian Lance Taylor GCC và Russ Cox, folio 3"
4,f2211520a13e878a275546e6aa1519c1d0d32fb665caa224f95efe1dc566ce09,0ac7a010cb1cb59f91e7cf6d4d74cc9124955169c3ba409863b3e61c5a62e4f9,RASTER_IMAGE_INSPECTION,VISION_MODEL,PASS,2026-10-08T07:32:00Z,,"Front Matter: Hình 1 Sơ đồ dòng thời gian 2007-2026 (Go 1.27 Generics methods), Go 1 Compatibility Promise, Go 1.5 GC đồng thời, folio 4"
5,f2211520a13e878a275546e6aa1519c1d0d32fb665caa224f95efe1dc566ce09,50a0bc5e85fbe57c0f57db8ea8851fbe392ebe6764a920e1d46f5b77125d6839,RASTER_IMAGE_INSPECTION,VISION_MODEL,PASS,2026-10-08T07:32:00Z,,"Front Matter: Header Một dòng họ ý tưởng, nguồn gốc cú pháp từ C/Pascal/Modula/Oberon, concurrency CSP từ Tony Hoare, Newsqueak, Alef, Limbo, folio 5"
6,f2211520a13e878a275546e6aa1519c1d0d32fb665caa224f95efe1dc566ce09,1ada57831892dc0cc8b4f02b17cf50a5f6b5727feebfe6cd9b99e7e20aad81ca,RASTER_IMAGE_INSPECTION,VISION_MODEL,PASS,2026-10-08T07:32:00Z,,"Front Matter: Hình 2 Cây phân nhánh nguồn gốc tư tưởng (DÒNG DÕI C, PASCAL, TIẾN TRÌNH CSP), tiêu đề Thiết kế bằng cách từ chối, folio 6"
7,f2211520a13e878a275546e6aa1519c1d0d32fb665caa224f95efe1dc566ce09,76a098937a85bd3979ac8cccb15d5b6990c40f964c2152101741cf0d1628d622,RASTER_IMAGE_INSPECTION,VISION_MODEL,PASS,2026-10-08T07:32:00Z,,"Front Matter: Callout box Một điều đáng nhớ (sự vắng mặt của inheritance hierarchy), mục Ghi chú kiểm chứng 1-7 chuẩn xác, folio 7"
8,f2211520a13e878a275546e6aa1519c1d0d32fb665caa224f95efe1dc566ce09,9a59f575bc750b9f8d66c36f11ba72b3e029ae2b9a8489ae7c3aa3172877ef0c,RASTER_IMAGE_INSPECTION,VISION_MODEL,PASS,2026-10-08T07:32:00Z,,"Ch00 Opener: Header Mở cửa vào Go, hộp mã nguồn package main với fmt.Println, lệnh go run main.go có khung bóng xám, folio 8"
9,f2211520a13e878a275546e6aa1519c1d0d32fb665caa224f95efe1dc566ce09,17156f52f721bfed8e931c68d0ec334458fcfec962edc7f9f181926823a57afd,RASTER_IMAGE_INSPECTION,VISION_MODEL,PASS,2026-10-08T07:32:00Z,,"Ch00: Đọc từng thành phần, phân tích package main, chương trình hoàn chỉnh, import fmt, dot import, folio 9"
10,f2211520a13e878a275546e6aa1519c1d0d32fb665caa224f95efe1dc566ce09,cb30e02fad15530c1c699500911b7ab15c41022e429e98d7a4b8315b4758d5ec,RASTER_IMAGE_INSPECTION,VISION_MODEL,PASS,2026-10-08T07:32:00Z,,"Ch00: Khởi tạo package func main(), thứ tự init(), fmt.Println, định danh hoa Unicode Lu, thư viện chuẩn Go 1.27.1 dùng os.Stdout, folio 10"
11,f2211520a13e878a275546e6aa1519c1d0d32fb665caa224f95efe1dc566ce09,c30c7950e8c78a548366ebc88b04bbbda7e3e647ca3533a416c4b10f8b1bf91c,RASTER_IMAGE_INSPECTION,VISION_MODEL,PASS,2026-10-08T07:32:00Z,,"Ch00: Bảng đối chiếu biên dịch mã máy go run và go build (4 cột cân đối), biến môi trường GOCACHE và cờ -work, Vòng lặp phản hồi, folio 11"
12,f2211520a13e878a275546e6aa1519c1d0d32fb665caa224f95efe1dc566ce09,95a62152d226ff96bf12ccb887dabfb6bd01386d7c803aba0c04f13f72189587,RASTER_IMAGE_INSPECTION,VISION_MODEL,PASS,2026-10-08T07:32:00Z,,"Ch00: Hình 3 Sơ đồ lưu đồ Vòng lặp phản hồi (Nêu giả thuyết -> Viết thay đổi -> go fmt/test/vet -> Đọc dấu hiệu), folio 12"
13,f2211520a13e878a275546e6aa1519c1d0d32fb665caa224f95efe1dc566ce09,c5194866b2ef2acab2876344cf67b8fbea5d592456ad54e972d1bc414d6876e3,RASTER_IMAGE_INSPECTION,VISION_MODEL,PASS,2026-10-08T07:32:00Z,,"Ch00: Bảng 3 thí nghiệm ranh giới kiểm tra tĩnh (đổi tên main, unused import, unused local var) kèm kết luận chuyển tiếp sang Ch01, folio 13"
14,f2211520a13e878a275546e6aa1519c1d0d32fb665caa224f95efe1dc566ce09,a29631e43f5574f780da32d4e079b71d6216c6eb34c1386bdbf5b07234f3de54,RASTER_IMAGE_INSPECTION,VISION_MODEL,PASS,2026-10-08T07:05:00Z,,"Ch01 Opener: Chapter title rule, prose, shaded code box package main, section Chạy chương trình, folio 14"
15,f2211520a13e878a275546e6aa1519c1d0d32fb665caa224f95efe1dc566ce09,b283e04a435f6f0af2425f82aedbc8c27e2a0d7d5913c14186960d062c328adb,RASTER_IMAGE_INSPECTION,VISION_MODEL,PASS,2026-10-08T07:34:00Z,,"Ch01: Lệnh go mod init và go run, Hình 4 Giải phẫu trực quan cấu trúc tệp nguồn Go (callouts package main, import, const, func), 3 câu hỏi luồng trạng thái, folio 15"
16,f2211520a13e878a275546e6aa1519c1d0d32fb665caa224f95efe1dc566ce09,08b259d098c618e86175997dfb0da20e34a9ca7181243fc5405d4e33d43c3b5e,RASTER_IMAGE_INSPECTION,VISION_MODEL,PASS,2026-10-08T07:34:00Z,,"Ch01: Bảng Bản đồ Cấu trúc tệp nguồn (3 cột: Dòng mã | Vai trò ngữ pháp | Tác động thực thi), phân định khai báo gói, import, hằng, hàm, folio 16"
17,f2211520a13e878a275546e6aa1519c1d0d32fb665caa224f95efe1dc566ce09,f4fdcdc3db23a2fa72d73000a044bde5c0c3fb18920293a2cdbc3181846bb4ff,RASTER_IMAGE_INSPECTION,VISION_MODEL,PASS,2026-10-08T07:34:00Z,,"Ch01: Hình 5 Mô hình các lớp xử lý compiler (Mã nguồn .go -> Token -> AST -> Type Check -> Mã máy), Khai báo, Biểu thức, Câu lệnh, folio 17"
18,f2211520a13e878a275546e6aa1519c1d0d32fb665caa224f95efe1dc566ce09,d32d3b5b849cf9ba9ffb9e8750269bbcf1b589389700edacecb306f5761f48d3,RASTER_IMAGE_INSPECTION,VISION_MODEL,PASS,2026-10-08T07:34:00Z,,"Ch01: Kiểu dữ liệu, Giá trị, Lời gọi hàm, Định danh và Từ khóa, quy ước MixedCaps/snake_case, Export hoa Unicode Lu, folio 18"
19,f2211520a13e878a275546e6aa1519c1d0d32fb665caa224f95efe1dc566ce09,b53998c88e15e1e7c553ff7bc9ba4b0c59d81106e236bf931321b44ce7c1a8c7,RASTER_IMAGE_INSPECTION,VISION_MODEL,PASS,2026-10-08T07:34:00Z,,"Ch01: Khai báo Biến và Khởi tạo Bộ nhớ, 4 hình thức khai báo (var tường minh, suy luận kiểu, zero value, := trong hàm), folio 19"
20,f2211520a13e878a275546e6aa1519c1d0d32fb665caa224f95efe1dc566ce09,ca6ba8b04c85b3862e3230a09c09c0b9b9ca495a3561f0f34a5820d067cf77b1,RASTER_IMAGE_INSPECTION,VISION_MODEL,PASS,2026-10-08T07:34:00Z,,"Ch01: Bảng Giá trị Zero Value theo đặc tả (int 0, float 0.0, bool false, string """", pointer nil), phân tích cgo/unsafe và register allocation, folio 20"
21,f2211520a13e878a275546e6aa1519c1d0d32fb665caa224f95efe1dc566ce09,fee69480100588ac32109ae077b2eed849d4f2c9caf97c6eb261f8adbd6754a3,RASTER_IMAGE_INSPECTION,VISION_MODEL,PASS,2026-10-08T07:34:00Z,,"Ch01: Mã nguồn minh họa che khuất biến trong block con, Hằng số không kiểu, const small = 500 gán int16, conversion tường minh, folio 21"
22,f2211520a13e878a275546e6aa1519c1d0d32fb665caa224f95efe1dc566ce09,28e33d33f52e08152c20f6ffbd7d5d3c62ab61229c6a235500c35e276b8d95b6,RASTER_IMAGE_INSPECTION,VISION_MODEL,PASS,2026-10-08T07:34:00Z,,"Ch01: Hằng số iota trong const block, tham chiếu test TestConstantsAndIdentity trong labs/edition-contracts, Scope không đồng nghĩa Lifetime, folio 22"
23,f2211520a13e878a275546e6aa1519c1d0d32fb665caa224f95efe1dc566ce09,c53d4ebcb7323bc5e492ed3265c6c7d797d06e0096e3a8c4725946a27ef30c55,RASTER_IMAGE_INSPECTION,VISION_MODEL,PASS,2026-10-08T07:34:00Z,,"Ch01: Mã nguồn minh họa lỗi undefined: label khi ra ngoài khối if, lexical scope đối chiếu escape analysis và heap/stack allocation, folio 23"
24,f2211520a13e878a275546e6aa1519c1d0d32fb665caa224f95efe1dc566ce09,73f5d6b92e8acfb409c6a4c36adcc41db068c0a44ccfbbe22d7ad3d7c63edbac,RASTER_IMAGE_INSPECTION,VISION_MODEL,PASS,2026-10-08T07:34:00Z,,"Ch01: Hình 6 Trực quan hóa ranh giới scope biến lồng nhau, Phân tích cạm bẫy variable shadowing retries := 3 trong block if, folio 24"
25,f2211520a13e878a275546e6aa1519c1d0d32fb665caa224f95efe1dc566ce09,6994a7a03f04f3194c9a9663693715e2760d31013668636387321b247f8c2213,RASTER_IMAGE_INSPECTION,VISION_MODEL,PASS,2026-10-08T07:34:00Z,,"Ch01: Hệ thống Kiểu Dữ liệu Cơ bản, int/uint 64-bit trên amd64, byte/rune alias, số thực IEEE-754 và sai số làm tròn, string bất biến, syntax T(v), folio 25"
26,f2211520a13e878a275546e6aa1519c1d0d32fb665caa224f95efe1dc566ce09,f127e9b2f489859f751c69b1dcec9599a21d63764fdc1a61faa73c52f41d5eee,RASTER_IMAGE_INSPECTION,VISION_MODEL,PASS,2026-10-08T07:42:00Z,,"Ch01: Code chuyển đổi int sang int64 tường minh, Toán tử và Biểu thức số học/so sánh, count++ là statement không phải expression, Gói fmt, folio 26"
27,f2211520a13e878a275546e6aa1519c1d0d32fb665caa224f95efe1dc566ce09,bdae84b3c117b44eaf117138e25ac37f763ddbc3f7dac422732611894db3d7ad,RASTER_IMAGE_INSPECTION,VISION_MODEL,PASS,2026-10-08T07:42:00Z,,"Ch01: Bảng 11 ký hiệu định dạng fmt.Printf (%v, %+v, %#v, %T, %t, %d, %x, %f, %s, %q, %p) kèm ý nghĩa và ví dụ hiển thị rõ ràng, folio 27"
28,f2211520a13e878a275546e6aa1519c1d0d32fb665caa224f95efe1dc566ce09,cfb599c9bc2ca06ee17f6ec1a53a0278d1c0144d7a654f594c9516d73636be50,RASTER_IMAGE_INSPECTION,VISION_MODEL,PASS,2026-10-08T07:42:00Z,,"Ch01: Điều khiển Luồng if/else với câu lệnh khởi tạo ngắn if err := executeCheck(); err != nil, Lựa chọn rời rạc switch không cần break, folio 28"
29,f2211520a13e878a275546e6aa1519c1d0d32fb665caa224f95efe1dc566ce09,fed1f3fe10334205d4e09193b195dca1ed3e815f84a5ff9d874cca02a0b5b11c,RASTER_IMAGE_INSPECTION,VISION_MODEL,PASS,2026-10-08T07:42:00Z,,"Ch01: Switch không điều kiện switch {}, Vòng lặp duy nhất for với 4 biến thể (for cổ điển, while, vô hạn, range slice), folio 29"
30,f2211520a13e878a275546e6aa1519c1d0d32fb665caa224f95efe1dc566ce09,b1297ac59ff3844cd2868db0defc56d4fcaaaf76141d56477bb2d9a71ebb6d25,RASTER_IMAGE_INSPECTION,VISION_MODEL,PASS,2026-10-08T07:42:00Z,,"Ch01: Hàm và Ngữ nghĩa Truyền Giá trị (pass by value), trả về nhiều giá trị, mẫu xử lý lỗi func parsePort(raw string) (int, error), folio 30"
31,f2211520a13e878a275546e6aa1519c1d0d32fb665caa224f95efe1dc566ce09,d3e05000d42bf4bb407bce660c84b6a9b2b8be20be92a5b70c7a1aaa0679f70d,RASTER_IMAGE_INSPECTION,VISION_MODEL,PASS,2026-10-08T07:42:00Z,,"Ch01: Gọi hàm xử lý lỗi port, err := parsePort, Nhập môn Con trỏ, toán tử giải tham chiếu * và lấy địa chỉ &, minh họa bộ nhớ %p, folio 31"
32,f2211520a13e878a275546e6aa1519c1d0d32fb665caa224f95efe1dc566ce09,cd00a4d3108e416059f6300c3dc4c930d0cae04b1e2bec9eb1029f1c3238a584,RASTER_IMAGE_INSPECTION,VISION_MODEL,PASS,2026-10-08T07:42:00Z,,"Ch01: Thí nghiệm hợp ngữ Compiler Plan 9 đối chiếu objdump Go 1.27.1, cờ -gcflags=""-l -S"", cmd/compile/internal/ssagen, listing STEXT classify, folio 32"
33,f2211520a13e878a275546e6aa1519c1d0d32fb665caa224f95efe1dc566ce09,afdac1be6e322b2232b035c672b5e057c551c984d29b0751ebf8e8929d0ca5d4,RASTER_IMAGE_INSPECTION,VISION_MODEL,PASS,2026-10-08T07:42:00Z,,"Ch01: Lệnh go tool objdump -s main.classify, disassembly x86-64 đối chiếu Plan 9 (CMPQ AX, JL, LEAQ runtime.rodata, MOVL, RET), ABI internal, folio 33"
34,f2211520a13e878a275546e6aa1519c1d0d32fb665caa224f95efe1dc566ce09,46fe2448c614a92cf2f86a52272ff462c917de1f050e94367043dc1c217e1f1a,RASTER_IMAGE_INSPECTION,VISION_MODEL,PASS,2026-10-08T07:42:00Z,,"Ch01: Bảng 5 tình huống kiểm chứng chẩn đoán compiler (undefined: status, undefined: label, no new variables, types2 mismatch) và chuyển tiếp Ch02, folio 34"
35,f2211520a13e878a275546e6aa1519c1d0d32fb665caa224f95efe1dc566ce09,5bc3b49f613c742ea10d8705e58cde7fe0aa708af3fed5d909f4c885ca627465,RASTER_IMAGE_INSPECTION,VISION_MODEL,PASS,2026-10-08T07:05:00Z,,"Ch2 Opener: Chapter title, code box, test output [99 20 30], baseline prediction, folio 35"
36,f2211520a13e878a275546e6aa1519c1d0d32fb665caa224f95efe1dc566ce09,718a8392aadf6c8a95a647a46139883e0c40b8a6d161a2e2c57973ed1f5accc2,RASTER_IMAGE_INSPECTION,VISION_MODEL,PASS,2026-10-08T07:46:40Z,,"Ch02: Mục Mảng (array) là khối nền, code snippet sao chép mảng qua phép gán, block output mảng độc lập, typography và lề chuẩn, folio 36"
37,f2211520a13e878a275546e6aa1519c1d0d32fb665caa224f95efe1dc566ce09,1972a96781c50ac0b3999aaf29d7a22b902648fa6b1d607b219474774069d736,RASTER_IMAGE_INSPECTION,VISION_MODEL,PASS,2026-10-08T07:46:40Z,,"Ch02: Mục Slice là một giá trị nhỏ trỏ vào mảng, giải thích cấu trúc SliceHeader (Data, Len, Cap) 24 bytes trên 64-bit, code snippet, folio 37"
38,f2211520a13e878a275546e6aa1519c1d0d32fb665caa224f95efe1dc566ce09,823620bc2a96e70f227ca31d6b13097e2a5e49304a82b9dfd153398143c24b8f,RASTER_IMAGE_INSPECTION,VISION_MODEL,PASS,2026-10-08T07:46:40Z,,"Ch02: Mục Hai lát cắt, một mảng nền, code minh họa thay đổi phần tử qua slice gây mutation mảng nền, Hình 9 sơ đồ mảng nền chung rõ nét, folio 38"
39,f2211520a13e878a275546e6aa1519c1d0d32fb665caa224f95efe1dc566ce09,2b2fa82ca2512fb9962efb28c38ccbfdfcd20ac88efbe13c31a1baefb6275a75,RASTER_IMAGE_INSPECTION,VISION_MODEL,PASS,2026-10-08T07:46:40Z,,"Ch02: Mục Khi append phân nhánh: reallocation và sự biến mất của aliasing, code snippet so sánh trường hợp còn cap và hết cap, block output, folio 39"
40,f2211520a13e878a275546e6aa1519c1d0d32fb665caa224f95efe1dc566ce09,fe8f80ffe4aeef66ebf608b2bc0619a63d7d8f2980e2dd9cc9812f57880d926d,RASTER_IMAGE_INSPECTION,VISION_MODEL,PASS,2026-10-08T07:46:40Z,,"Ch02: Phân tích growslice, cú pháp lát cắt ba chỉ số s[low:high:max], code snippet, Hình 10 sơ đồ hai nhánh append (còn cap vs cấp phát mới) chuẩn đẹp, folio 40"
41,f2211520a13e878a275546e6aa1519c1d0d32fb665caa224f95efe1dc566ce09,6995264e8f8224d7c9a21b07c26e79446b4c1a9ae6f0f2973bc1f723631525f8,RASTER_IMAGE_INSPECTION,VISION_MODEL,PASS,2026-10-08T07:46:40Z,,"Ch02: Mục Một aliasing bug có người dùng thật, code redactPreview vs redactedCopy, hướng dẫn lab thực hành bug hunt có kiểm chứng, folio 41"
42,f2211520a13e878a275546e6aa1519c1d0d32fb665caa224f95efe1dc566ce09,bc5eac2cec2686cb0f5a441a90c884268ec60281c0bddc156de1ca1271d89281,RASTER_IMAGE_INSPECTION,VISION_MODEL,PASS,2026-10-08T07:46:40Z,,"Ch02: Đáp án bài tập phân tích contract ownership, Mục String: bytes trước, text sau, code duyệt chuỗi UTF-8, block kết quả giải mã rune/byte, folio 42"
43,f2211520a13e878a275546e6aa1519c1d0d32fb665caa224f95efe1dc566ce09,d43aaddf225a177749647eac293e57f285f427afee4bdd34ff968b7c4a86884f,RASTER_IMAGE_INSPECTION,VISION_MODEL,PASS,2026-10-08T07:46:40Z,,"Ch02: Giải thích chuyển đổi string và byte slice, Mục Pointer là câu hỏi khác, code snippet biến đếm và con trỏ &count, giải thích mental model, folio 43"
44,f2211520a13e878a275546e6aa1519c1d0d32fb665caa224f95efe1dc566ce09,a314956955ec8f8ebbccab16a353efc4a3ade7972e4d7c8e9abfc3dbef63db61,RASTER_IMAGE_INSPECTION,VISION_MODEL,PASS,2026-10-08T07:46:40Z,,"Ch02: Mục Một quyết định ở ranh giới API, đúc kết quy tắc thiết kế API Go về ownership và phòng thủ mutation, kết thúc Ch02 hoàn chỉnh, folio 44"
45,f2211520a13e878a275546e6aa1519c1d0d32fb665caa224f95efe1dc566ce09,9336c8263ffec404eb8dfc558288e34d8f55116d58a0628d54c4f474695e69cb,RASTER_IMAGE_INSPECTION,VISION_MODEL,PASS,2026-10-08T07:51:10Z,,"Ch03 Opener: Mô hình dữ liệu và trách nhiệm thay đổi, opsprobe 4 biến rời rạc, Bug đầu tiên: bonus đi đâu mất?, addBonus value copy, folio 45"
46,f2211520a13e878a275546e6aa1519c1d0d32fb665caa224f95efe1dc566ce09,7aacbe1aacdc7dc79be0005a93efa8b82ae14cb9a03832810a41c27da0088c27,RASTER_IMAGE_INSPECTION,VISION_MODEL,PASS,2026-10-08T07:51:10Z,,"Ch03: Hình 11 sơ đồ value copy tham số x, Mục Pointer: con đường tới một variable, Bảng 2 định nghĩa kỹ thuật chuẩn xác 5 khái niệm pointer, folio 46"
47,f2211520a13e878a275546e6aa1519c1d0d32fb665caa224f95efe1dc566ce09,81042f442b8c9b0722050db81eb6937d395a48dc05f43daefb799f887aa36ee4,RASTER_IMAGE_INSPECTION,VISION_MODEL,PASS,2026-10-08T07:51:10Z,,"Ch03: addBonus(balance *int) dùng pointer, Hình 12 sơ đồ giải tham chiếu pointee, composite literal addressable, Mục Nil là thiếu pointee, folio 47"
48,f2211520a13e878a275546e6aa1519c1d0d32fb665caa224f95efe1dc566ce09,b465c191dc02011c53ba964015e304c69e184fd2a92c675e940369cc2877069a,RASTER_IMAGE_INSPECTION,VISION_MODEL,PASS,2026-10-08T07:51:10Z,,"Ch03: Kiểm tra nil contract, Mục Gom state thành một value có tên, khai báo type Service struct, struct literal và zero value, folio 48"
49,f2211520a13e878a275546e6aa1519c1d0d32fb665caa224f95efe1dc566ce09,d36b32e157d8ab840503eb5c26213ed8b165b018b7b3e9761888af5e58fec2a1,RASTER_IMAGE_INSPECTION,VISION_MODEL,PASS,2026-10-08T07:51:10Z,,"Ch03: Field access, candidate := billing sao chép giá trị struct, Hình 13 sơ đồ sao chép từng trường độc lập, Mục Nested struct trong domain, folio 49"
50,f2211520a13e878a275546e6aa1519c1d0d32fb665caa224f95efe1dc566ce09,5937d0bb3ba69d47736789cd95029df4f4e2add8d9d773016bc273c9fe7c3c11,RASTER_IMAGE_INSPECTION,VISION_MODEL,PASS,2026-10-08T07:51:10Z,,"Ch03: Endpoint struct lồng trong Service, Mục Khi function sửa một bản copy, markUnhealthy nhận Service value không đổi caller, folio 50"
51,f2211520a13e878a275546e6aa1519c1d0d32fb665caa224f95efe1dc566ce09,3d7f433b0efdb0ef84add269551b618eebf00f87e60fbc61f3faa86169222b09,RASTER_IMAGE_INSPECTION,VISION_MODEL,PASS,2026-10-08T07:51:10Z,,"Ch03: markUnhealthy sửa bằng *Service, phân định ngữ nghĩa T vs *T, Mục Cùng một lời gọi bảy value khác nhau, folio 51"
52,f2211520a13e878a275546e6aa1519c1d0d32fb665caa224f95efe1dc566ce09,e869c541ba3d8eb797b9dcaf4523427a21e4a176c91f739cc8d1f751d6d7db97,RASTER_IMAGE_INSPECTION,VISION_MODEL,PASS,2026-10-08T07:51:10Z,,"Ch03: Bảng 2 phân tích 7 loại tham số (int, array, slice, map, pointer, struct, pointer struct), Bài tập sửa đúng contract recordFailure, folio 52"
53,f2211520a13e878a275546e6aa1519c1d0d32fb665caa224f95efe1dc566ce09,e8bfbf6345fef0fa81563d7c4e95f2e568d11a5040b4cc6081445eb8c872e782,RASTER_IMAGE_INSPECTION,VISION_MODEL,PASS,2026-10-08T07:51:10Z,,"Ch03: Hai biến thể pointer vs value transform, Hướng dẫn lab thực hành bug hunt TestRecordProbeUpdatesExistingMapEntry, đáp án, folio 53"
54,f2211520a13e878a275546e6aa1519c1d0d32fb665caa224f95efe1dc566ce09,86e052e2b97e0a5cf1be5d9d60c4bbbb5344bddaf871d5244c032155218bf87f,RASTER_IMAGE_INSPECTION,VISION_MODEL,PASS,2026-10-08T07:51:10Z,,"Ch03: Mục Nhiều service cần lookup không cần thêm biến, map key/value, idiom comma-ok phân biệt zero value vs missing key, folio 54"
55,f2211520a13e878a275546e6aa1519c1d0d32fb665caa224f95efe1dc566ce09,36bc64933fbc8f78a909e77b58bcbac51c82196477fc9509e1782fa9e6f0370d,RASTER_IMAGE_INSPECTION,VISION_MODEL,PASS,2026-10-08T07:51:10Z,,"Ch03: Map literal vs nil map, delete an toàn, không bảo đảm thứ tự range, Mục Map copy value chia sẻ map data, alias map demo, folio 55"
56,f2211520a13e878a275546e6aa1519c1d0d32fb665caa224f95efe1dc566ce09,55d72161691fc0bd15f7c217bfeb026cd659ce5f82a2d79cf819896f463eba01,RASTER_IMAGE_INSPECTION,VISION_MODEL,PASS,2026-10-08T07:51:10Z,,"Ch03: Hình 14 sơ đồ alias và registry cùng trỏ dữ liệu băm, map index không addressable và giải pháp value-oriented, folio 56"
57,f2211520a13e878a275546e6aa1519c1d0d32fb665caa224f95efe1dc566ce09,b45dbf4dd10a83302087e16b82d006d8430cceff8ec4e972758f9c523b645e5c,RASTER_IMAGE_INSPECTION,VISION_MODEL,PASS,2026-10-08T07:51:10Z,,"Ch03: map[string]*Service, Bài tập đọc zero value latencyByService, đáp án dùng comma-ok và delete, folio 57"
58,f2211520a13e878a275546e6aa1519c1d0d32fb665caa224f95efe1dc566ce09,1335f95a74a80bfc4c79515bb6fd8cd8c92dc43149f4b5d4c522bb69023bee49,RASTER_IMAGE_INSPECTION,VISION_MODEL,PASS,2026-10-08T07:51:10Z,,"Ch03: Mục Một update có trách nhiệm trong registry, code recordProbe hoàn chỉnh, phân tích ngữ nghĩa signature caller/callee, folio 58"
59,f2211520a13e878a275546e6aa1519c1d0d32fb665caa224f95efe1dc566ce09,9cc272e94b7567f37e9eadfa084cadd66a4bd859ec65e36dd8ff653b4fd72d81,RASTER_IMAGE_INSPECTION,VISION_MODEL,PASS,2026-10-08T07:51:10Z,,"Ch03: Mục Kiểu là ranh giới ý nghĩa, defined type Port vs type alias PortAlias, gán kiểu và ép kiểu tường minh, test TestConstantsAndIdentity, folio 59"
60,f2211520a13e878a275546e6aa1519c1d0d32fb665caa224f95efe1dc566ce09,e9e4365bc01f2179307362360de368b7c87e07b618268ec898febe9c112becae,RASTER_IMAGE_INSPECTION,VISION_MODEL,PASS,2026-10-08T07:51:10Z,,"Ch03: Mục Khi hành vi thuộc về service, method receiver value vs pointer, gọi tắt (&billing).Record(false), quy tắc method set, folio 60"
61,f2211520a13e878a275546e6aa1519c1d0d32fb665caa224f95efe1dc566ce09,bfbc21dee668caf62ad62c90e78bbe6733a19dd35acb0b21a744d13db19c69d1,RASTER_IMAGE_INSPECTION,VISION_MODEL,PASS,2026-10-08T07:51:10Z,,"Ch03: Hình 15 sơ đồ method value receiver Summary vs pointer receiver Record, giới hạn map index method call và cách xử lý, folio 61"
62,f2211520a13e878a275546e6aa1519c1d0d32fb665caa224f95efe1dc566ce09,371f8a9da1845188292b5df55751428381181ebbb1aa8293bbb0eeab34c25dba,RASTER_IMAGE_INSPECTION,VISION_MODEL,PASS,2026-10-08T07:51:10Z,,"Ch03: Mục Composition trước embedding sau, Service ghép Endpoint và ProbeState, struct embedding Tagged{Named} và promotion, folio 62"
63,f2211520a13e878a275546e6aa1519c1d0d32fb665caa224f95efe1dc566ce09,ec1e452204e38fae2249683b9bdd791aaadeaf4ce8e0e549a6d515a96752cec1,RASTER_IMAGE_INSPECTION,VISION_MODEL,PASS,2026-10-08T07:51:10Z,,"Ch03: Rủi ro embedding lộ public API, Mục Interface xuất hiện ở nơi cần một hành vi, interface SummarySource và hàm renderSummary, folio 63"
64,f2211520a13e878a275546e6aa1519c1d0d32fb665caa224f95efe1dc566ce09,f54abfad7f876b7afb568228585081613d71244a4b71d22ff5a994f0a87681ac,RASTER_IMAGE_INSPECTION,VISION_MODEL,PASS,2026-10-08T07:51:10Z,,"Ch03: StaticTarget thực hiện ngầm SummarySource, Hình 16 sơ đồ consumer phụ thuộc interface không phụ thuộc cụ thể, thỏa mãn quy tắc, folio 64"
65,f2211520a13e878a275546e6aa1519c1d0d32fb665caa224f95efe1dc566ce09,e97cbd7cd68b232ac7e675bea7d9e3763ceb944404e7581764e6e44ea6296bf4,RASTER_IMAGE_INSPECTION,VISION_MODEL,PASS,2026-10-08T07:51:10Z,,"Ch03: Pointer receiver với interface ProbeRecorder, Mục Typed nil có kiểu động nhưng giá trị pointer nil, cấu trúc iface/eface Go 1.27.1, folio 65"
66,f2211520a13e878a275546e6aa1519c1d0d32fb665caa224f95efe1dc566ce09,4a873df69d9ce49006e2dbc703f2203ae7ddd01083b1835102753a9ca3c36cc9,RASTER_IMAGE_INSPECTION,VISION_MODEL,PASS,2026-10-08T07:51:10Z,,"Ch03: Phân tích typed nil panic trước khi vào thân method, Mục So sánh được chưa chắc so sánh an toàn, slice panic trong dynamic comparison, folio 66"
67,f2211520a13e878a275546e6aa1519c1d0d32fb665caa224f95efe1dc566ce09,4a0b813bf8ded3390f6be9f0fb0f3a9c0372ae510c05b61fe936b67ceac2d554,RASTER_IMAGE_INSPECTION,VISION_MODEL,PASS,2026-10-08T07:51:10Z,,"Ch03 Kết thúc: Một API nhỏ Đủ để Đọc bằng Semantics, tổng kết mô hình dữ liệu, chuyển tiếp sang Ch04 về error handling, typography chuẩn, folio 67"
68,f2211520a13e878a275546e6aa1519c1d0d32fb665caa224f95efe1dc566ce09,c2480b9e0951c83b82213cb27e0eaa6250ce36e70514fda8d2e384733381f700,GEOMETRY_HEURISTIC_ONLY,AUTOMATED_VALIDATOR,PENDING,,,"Rendered at 150 DPI; passed geometric AST preflight (margins, fonts, bounds); direct raster inspection pending"
69,f2211520a13e878a275546e6aa1519c1d0d32fb665caa224f95efe1dc566ce09,76589f7a038988bc36d0f67b77dbd30cc241059fa8a7000130fa6fac3ac389ca,GEOMETRY_HEURISTIC_ONLY,AUTOMATED_VALIDATOR,PENDING,,,"Rendered at 150 DPI; passed geometric AST preflight (margins, fonts, bounds); direct raster inspection pending"
70,f2211520a13e878a275546e6aa1519c1d0d32fb665caa224f95efe1dc566ce09,e37d4ea7961918c8fae02ac50eec4ea61eba272e3dd1b833106d97dde10703f4,GEOMETRY_HEURISTIC_ONLY,AUTOMATED_VALIDATOR,PENDING,,,"Rendered at 150 DPI; passed geometric AST preflight (margins, fonts, bounds); direct raster inspection pending"
71,f2211520a13e878a275546e6aa1519c1d0d32fb665caa224f95efe1dc566ce09,d3f2632f79c9082adec15f3e2374d090bad89677e5c682d2574ba62933592fa2,GEOMETRY_HEURISTIC_ONLY,AUTOMATED_VALIDATOR,PENDING,,,"Rendered at 150 DPI; passed geometric AST preflight (margins, fonts, bounds); direct raster inspection pending"
72,f2211520a13e878a275546e6aa1519c1d0d32fb665caa224f95efe1dc566ce09,957c123a851202b24a424ebd697ab82be9d176303754021e10ca594beb00d8b1,GEOMETRY_HEURISTIC_ONLY,AUTOMATED_VALIDATOR,PENDING,,,"Rendered at 150 DPI; passed geometric AST preflight (margins, fonts, bounds); direct raster inspection pending"
73,f2211520a13e878a275546e6aa1519c1d0d32fb665caa224f95efe1dc566ce09,08e0ce81edc50a1b6d6eb668c6e50c0ad3d39050bb50be2fc18cdc892539ddac,GEOMETRY_HEURISTIC_ONLY,AUTOMATED_VALIDATOR,PENDING,,,"Rendered at 150 DPI; passed geometric AST preflight (margins, fonts, bounds); direct raster inspection pending"
74,f2211520a13e878a275546e6aa1519c1d0d32fb665caa224f95efe1dc566ce09,593700cd6d3078ea7864c042930fd6b96ca31ac410df8da0d0987aa35267eafb,GEOMETRY_HEURISTIC_ONLY,AUTOMATED_VALIDATOR,PENDING,,,"Rendered at 150 DPI; passed geometric AST preflight (margins, fonts, bounds); direct raster inspection pending"
75,f2211520a13e878a275546e6aa1519c1d0d32fb665caa224f95efe1dc566ce09,f09fbd65ece08c8488509ba455e83ba971fe7993ea620f70214b8787d1c74503,GEOMETRY_HEURISTIC_ONLY,AUTOMATED_VALIDATOR,PENDING,,,"Rendered at 150 DPI; passed geometric AST preflight (margins, fonts, bounds); direct raster inspection pending"
76,f2211520a13e878a275546e6aa1519c1d0d32fb665caa224f95efe1dc566ce09,6d4173d225a9fce3899457f27d0ad4f54a0f52129f31ab64f4c11c2d0b4c9888,GEOMETRY_HEURISTIC_ONLY,AUTOMATED_VALIDATOR,PENDING,,,"Rendered at 150 DPI; passed geometric AST preflight (margins, fonts, bounds); direct raster inspection pending"
77,f2211520a13e878a275546e6aa1519c1d0d32fb665caa224f95efe1dc566ce09,3a577fc4b72a70f068ebea2d8ba4d91eb346261cf45bccc91be40d91f25073d4,GEOMETRY_HEURISTIC_ONLY,AUTOMATED_VALIDATOR,PENDING,,,"Rendered at 150 DPI; passed geometric AST preflight (margins, fonts, bounds); direct raster inspection pending"
78,f2211520a13e878a275546e6aa1519c1d0d32fb665caa224f95efe1dc566ce09,874c24c365fc936d408a89de8c8f047363bedfe9bf12ca91ba581f540905f00a,GEOMETRY_HEURISTIC_ONLY,AUTOMATED_VALIDATOR,PENDING,,,"Rendered at 150 DPI; passed geometric AST preflight (margins, fonts, bounds); direct raster inspection pending"
79,f2211520a13e878a275546e6aa1519c1d0d32fb665caa224f95efe1dc566ce09,f82408bcc59c57db60fa413ec77a3a1acb4c9b067c155cd4b91cd2d1c8f28d80,GEOMETRY_HEURISTIC_ONLY,AUTOMATED_VALIDATOR,PENDING,,,"Rendered at 150 DPI; passed geometric AST preflight (margins, fonts, bounds); direct raster inspection pending"
80,f2211520a13e878a275546e6aa1519c1d0d32fb665caa224f95efe1dc566ce09,cfcf32f036a5360f235cbec400f8a893a3ce4ccda4e3885a1c4ff97c3ea4f450,GEOMETRY_HEURISTIC_ONLY,AUTOMATED_VALIDATOR,PENDING,,,"Rendered at 150 DPI; passed geometric AST preflight (margins, fonts, bounds); direct raster inspection pending"
81,f2211520a13e878a275546e6aa1519c1d0d32fb665caa224f95efe1dc566ce09,a6899e044866b5b1b2804bb03c9587913bee9bc2bbf4557a8b47e27f72926719,GEOMETRY_HEURISTIC_ONLY,AUTOMATED_VALIDATOR,PENDING,,,"Rendered at 150 DPI; passed geometric AST preflight (margins, fonts, bounds); direct raster inspection pending"
82,f2211520a13e878a275546e6aa1519c1d0d32fb665caa224f95efe1dc566ce09,42cbb32b8dd54358947a2171063ad487326db169e0ae20ca1b09d04d40c5a613,GEOMETRY_HEURISTIC_ONLY,AUTOMATED_VALIDATOR,PENDING,,,"Rendered at 150 DPI; passed geometric AST preflight (margins, fonts, bounds); direct raster inspection pending"
83,f2211520a13e878a275546e6aa1519c1d0d32fb665caa224f95efe1dc566ce09,8a2a92e7c84b3990a2db942b523aee67afe235c4fa5fcda93855f8002e0cea05,GEOMETRY_HEURISTIC_ONLY,AUTOMATED_VALIDATOR,PENDING,,,"Rendered at 150 DPI; passed geometric AST preflight (margins, fonts, bounds); direct raster inspection pending"
84,f2211520a13e878a275546e6aa1519c1d0d32fb665caa224f95efe1dc566ce09,66684baded20e95a2677376a569cdfec0acafedd113e42f665bdd20235d4bcb9,GEOMETRY_HEURISTIC_ONLY,AUTOMATED_VALIDATOR,PENDING,,,"Rendered at 150 DPI; passed geometric AST preflight (margins, fonts, bounds); direct raster inspection pending"
85,f2211520a13e878a275546e6aa1519c1d0d32fb665caa224f95efe1dc566ce09,fc8ebeba7d3ce7aab9675453e52f23afd195123001e1acf619812658d236677b,GEOMETRY_HEURISTIC_ONLY,AUTOMATED_VALIDATOR,PENDING,,,"Rendered at 150 DPI; passed geometric AST preflight (margins, fonts, bounds); direct raster inspection pending"
86,f2211520a13e878a275546e6aa1519c1d0d32fb665caa224f95efe1dc566ce09,d26ae53494dc10dfc3a23698cdf4a59e0744c4650a86664ff176347eed19aca8,GEOMETRY_HEURISTIC_ONLY,AUTOMATED_VALIDATOR,PENDING,,,"Rendered at 150 DPI; passed geometric AST preflight (margins, fonts, bounds); direct raster inspection pending"
87,f2211520a13e878a275546e6aa1519c1d0d32fb665caa224f95efe1dc566ce09,24f6db8a1690f7c8c12f674b897a0f766fb4fc6cdb5934bbd9547fcf435a143f,GEOMETRY_HEURISTIC_ONLY,AUTOMATED_VALIDATOR,PENDING,,,"Rendered at 150 DPI; passed geometric AST preflight (margins, fonts, bounds); direct raster inspection pending"
88,f2211520a13e878a275546e6aa1519c1d0d32fb665caa224f95efe1dc566ce09,621f9e6d76a635f5bcceb955378cb9632becda0f6c61509ef97271405259a90e,GEOMETRY_HEURISTIC_ONLY,AUTOMATED_VALIDATOR,PENDING,,,"Rendered at 150 DPI; passed geometric AST preflight (margins, fonts, bounds); direct raster inspection pending"
89,f2211520a13e878a275546e6aa1519c1d0d32fb665caa224f95efe1dc566ce09,c5a42e83cfaa1b0a2c8fc94e508f18104ae2ccfdfa41221d4c5250872f205daf,GEOMETRY_HEURISTIC_ONLY,AUTOMATED_VALIDATOR,PENDING,,,"Rendered at 150 DPI; passed geometric AST preflight (margins, fonts, bounds); direct raster inspection pending"
90,f2211520a13e878a275546e6aa1519c1d0d32fb665caa224f95efe1dc566ce09,3f89343167df9f137d7fd1fdbb9a922bd907a8e4d057834c519b15b2b897fb9a,GEOMETRY_HEURISTIC_ONLY,AUTOMATED_VALIDATOR,PENDING,,,"Rendered at 150 DPI; passed geometric AST preflight (margins, fonts, bounds); direct raster inspection pending"
91,f2211520a13e878a275546e6aa1519c1d0d32fb665caa224f95efe1dc566ce09,d4014a97c3d012ab808f0e29ea8bd9e9025dd0a1a3aaa6f6b38328b1812b7335,GEOMETRY_HEURISTIC_ONLY,AUTOMATED_VALIDATOR,PENDING,,,"Rendered at 150 DPI; passed geometric AST preflight (margins, fonts, bounds); direct raster inspection pending"
92,f2211520a13e878a275546e6aa1519c1d0d32fb665caa224f95efe1dc566ce09,9b26f65c243f639a7d882661d9a6928b671686a359775eb5ff0bb75c7d943474,GEOMETRY_HEURISTIC_ONLY,AUTOMATED_VALIDATOR,PENDING,,,"Rendered at 150 DPI; passed geometric AST preflight (margins, fonts, bounds); direct raster inspection pending"
93,f2211520a13e878a275546e6aa1519c1d0d32fb665caa224f95efe1dc566ce09,604333613feaafe2b32439fec5424986ef7afd79dd226de9d63f1885623052d9,GEOMETRY_HEURISTIC_ONLY,AUTOMATED_VALIDATOR,PENDING,,,"Rendered at 150 DPI; passed geometric AST preflight (margins, fonts, bounds); direct raster inspection pending"
94,f2211520a13e878a275546e6aa1519c1d0d32fb665caa224f95efe1dc566ce09,5d415b7ebd8c05db7e39465f4377ba5764a3078b4fa6ac69c7d6484ae433987f,GEOMETRY_HEURISTIC_ONLY,AUTOMATED_VALIDATOR,PENDING,,,"Rendered at 150 DPI; passed geometric AST preflight (margins, fonts, bounds); direct raster inspection pending"
95,f2211520a13e878a275546e6aa1519c1d0d32fb665caa224f95efe1dc566ce09,8085d7ede603b4f7f363e7bd9c5eb509971cb5a7242a4f96d526bd5e843b3755,GEOMETRY_HEURISTIC_ONLY,AUTOMATED_VALIDATOR,PENDING,,,"Rendered at 150 DPI; passed geometric AST preflight (margins, fonts, bounds); direct raster inspection pending"
96,f2211520a13e878a275546e6aa1519c1d0d32fb665caa224f95efe1dc566ce09,cc24fe3838fc378de02a60db2181b422ec970c82a7f57b3af08e37d798c15122,GEOMETRY_HEURISTIC_ONLY,AUTOMATED_VALIDATOR,PENDING,,,"Rendered at 150 DPI; passed geometric AST preflight (margins, fonts, bounds); direct raster inspection pending"
97,f2211520a13e878a275546e6aa1519c1d0d32fb665caa224f95efe1dc566ce09,d36176870815b834f4b6d1cdea283537eb16ac6531093f07cb1e17bf2a3cf7a6,GEOMETRY_HEURISTIC_ONLY,AUTOMATED_VALIDATOR,PENDING,,,"Rendered at 150 DPI; passed geometric AST preflight (margins, fonts, bounds); direct raster inspection pending"
98,f2211520a13e878a275546e6aa1519c1d0d32fb665caa224f95efe1dc566ce09,e4cac47018189eae644ad444ab8e7eeb8a75ba1ca1d0716a0d7503b2a11bd606,GEOMETRY_HEURISTIC_ONLY,AUTOMATED_VALIDATOR,PENDING,,,"Rendered at 150 DPI; passed geometric AST preflight (margins, fonts, bounds); direct raster inspection pending"
99,f2211520a13e878a275546e6aa1519c1d0d32fb665caa224f95efe1dc566ce09,b59f710a5534419e127c78418e941b06361cd15af225214573b9c0524fe8358a,GEOMETRY_HEURISTIC_ONLY,AUTOMATED_VALIDATOR,PENDING,,,"Rendered at 150 DPI; passed geometric AST preflight (margins, fonts, bounds); direct raster inspection pending"
100,f2211520a13e878a275546e6aa1519c1d0d32fb665caa224f95efe1dc566ce09,bc1f8b84c4ea9a03293ce004ab272614fd7e9b3e555aa69ae297456f9420c33f,GEOMETRY_HEURISTIC_ONLY,AUTOMATED_VALIDATOR,PENDING,,,"Rendered at 150 DPI; passed geometric AST preflight (margins, fonts, bounds); direct raster inspection pending"
101,f2211520a13e878a275546e6aa1519c1d0d32fb665caa224f95efe1dc566ce09,f5f63c46f6c6967b25f168bdae04acf67349cda74dfa736911999fe7440ab7e7,GEOMETRY_HEURISTIC_ONLY,AUTOMATED_VALIDATOR,PENDING,,,"Rendered at 150 DPI; passed geometric AST preflight (margins, fonts, bounds); direct raster inspection pending"
102,f2211520a13e878a275546e6aa1519c1d0d32fb665caa224f95efe1dc566ce09,2a712b3ecf4208fd95b223ade8ef5d0c60ad58a40ec37a1677ff3257684eab30,GEOMETRY_HEURISTIC_ONLY,AUTOMATED_VALIDATOR,PENDING,,,"Rendered at 150 DPI; passed geometric AST preflight (margins, fonts, bounds); direct raster inspection pending"
103,f2211520a13e878a275546e6aa1519c1d0d32fb665caa224f95efe1dc566ce09,73439316ef06362a1c9061502dab6379a4d0cb9587f65d430f7f6d0d384c500c,GEOMETRY_HEURISTIC_ONLY,AUTOMATED_VALIDATOR,PENDING,,,"Rendered at 150 DPI; passed geometric AST preflight (margins, fonts, bounds); direct raster inspection pending"
104,f2211520a13e878a275546e6aa1519c1d0d32fb665caa224f95efe1dc566ce09,a176000a7a4e82b8d7ba88ee8d84a47718ddfc8d59dae5b1dbbc547f429e18ce,GEOMETRY_HEURISTIC_ONLY,AUTOMATED_VALIDATOR,PENDING,,,"Rendered at 150 DPI; passed geometric AST preflight (margins, fonts, bounds); direct raster inspection pending"
105,f2211520a13e878a275546e6aa1519c1d0d32fb665caa224f95efe1dc566ce09,07c92fb1bc25126faf042fba0a538a18103a5372327f4a846936528ccd22ab4e,GEOMETRY_HEURISTIC_ONLY,AUTOMATED_VALIDATOR,PENDING,,,"Rendered at 150 DPI; passed geometric AST preflight (margins, fonts, bounds); direct raster inspection pending"
106,f2211520a13e878a275546e6aa1519c1d0d32fb665caa224f95efe1dc566ce09,87c5184e079f7c7ccedb79fad2e86c07fb11509fd91346650798bb33d9af011c,GEOMETRY_HEURISTIC_ONLY,AUTOMATED_VALIDATOR,PENDING,,,"Rendered at 150 DPI; passed geometric AST preflight (margins, fonts, bounds); direct raster inspection pending"
107,f2211520a13e878a275546e6aa1519c1d0d32fb665caa224f95efe1dc566ce09,efb48ef4119742e30e3b425b9f13cf534cd142bfb169771465d276597e61901b,GEOMETRY_HEURISTIC_ONLY,AUTOMATED_VALIDATOR,PENDING,,,"Rendered at 150 DPI; passed geometric AST preflight (margins, fonts, bounds); direct raster inspection pending"
108,f2211520a13e878a275546e6aa1519c1d0d32fb665caa224f95efe1dc566ce09,289e0a85ba66a283a3a2281416efd97650683b0bbb8068b70fc821b2024dc3ea,GEOMETRY_HEURISTIC_ONLY,AUTOMATED_VALIDATOR,PENDING,,,"Rendered at 150 DPI; passed geometric AST preflight (margins, fonts, bounds); direct raster inspection pending"
109,f2211520a13e878a275546e6aa1519c1d0d32fb665caa224f95efe1dc566ce09,10dcc037308e54cf5179800c67b92a595078817cbe82286f05bdc8980997b778,GEOMETRY_HEURISTIC_ONLY,AUTOMATED_VALIDATOR,PENDING,,,"Rendered at 150 DPI; passed geometric AST preflight (margins, fonts, bounds); direct raster inspection pending"
110,f2211520a13e878a275546e6aa1519c1d0d32fb665caa224f95efe1dc566ce09,d108d81f900091fd37bab1a60ccd3fffc82bc265d3350c0ff51e8f0137c03b38,GEOMETRY_HEURISTIC_ONLY,AUTOMATED_VALIDATOR,PENDING,,,"Rendered at 150 DPI; passed geometric AST preflight (margins, fonts, bounds); direct raster inspection pending"
111,f2211520a13e878a275546e6aa1519c1d0d32fb665caa224f95efe1dc566ce09,c59cb419eb583815f929901c43e87e5a88590bcfdd1a6ecf0a6bce95beb08a9f,GEOMETRY_HEURISTIC_ONLY,AUTOMATED_VALIDATOR,PENDING,,,"Rendered at 150 DPI; passed geometric AST preflight (margins, fonts, bounds); direct raster inspection pending"
112,f2211520a13e878a275546e6aa1519c1d0d32fb665caa224f95efe1dc566ce09,af314028e6e71036ff18c67ac1f7ff1ce85aa4e9803faee18d94175788d2d843,GEOMETRY_HEURISTIC_ONLY,AUTOMATED_VALIDATOR,PENDING,,,"Rendered at 150 DPI; passed geometric AST preflight (margins, fonts, bounds); direct raster inspection pending"
113,f2211520a13e878a275546e6aa1519c1d0d32fb665caa224f95efe1dc566ce09,5724c6027387ee7bd13705c5642dfe1644c5ddb4ad72fcf1f4b103cb4b77e346,GEOMETRY_HEURISTIC_ONLY,AUTOMATED_VALIDATOR,PENDING,,,"Rendered at 150 DPI; passed geometric AST preflight (margins, fonts, bounds); direct raster inspection pending"
114,f2211520a13e878a275546e6aa1519c1d0d32fb665caa224f95efe1dc566ce09,46450a77ecff75bf76297bc6b4d601e5351f1bd992fc7b6983405e3d2251e5e1,GEOMETRY_HEURISTIC_ONLY,AUTOMATED_VALIDATOR,PENDING,,,"Rendered at 150 DPI; passed geometric AST preflight (margins, fonts, bounds); direct raster inspection pending"
115,f2211520a13e878a275546e6aa1519c1d0d32fb665caa224f95efe1dc566ce09,7112aa4187b99e76b9bc666ad7257eb5bb2c9c3ac8347771227b451ebbf533eb,GEOMETRY_HEURISTIC_ONLY,AUTOMATED_VALIDATOR,PENDING,,,"Rendered at 150 DPI; passed geometric AST preflight (margins, fonts, bounds); direct raster inspection pending"
116,f2211520a13e878a275546e6aa1519c1d0d32fb665caa224f95efe1dc566ce09,81a3a80a2d007314844840f20bccd09ba5b9aaf25dc7c188232f03470b35b362,GEOMETRY_HEURISTIC_ONLY,AUTOMATED_VALIDATOR,PENDING,,,"Rendered at 150 DPI; passed geometric AST preflight (margins, fonts, bounds); direct raster inspection pending"
117,f2211520a13e878a275546e6aa1519c1d0d32fb665caa224f95efe1dc566ce09,505c98438f61f786afb9a527345100f30045deefb16085b865c92c6510b7046a,GEOMETRY_HEURISTIC_ONLY,AUTOMATED_VALIDATOR,PENDING,,,"Rendered at 150 DPI; passed geometric AST preflight (margins, fonts, bounds); direct raster inspection pending"
118,f2211520a13e878a275546e6aa1519c1d0d32fb665caa224f95efe1dc566ce09,8b3377184aff7297b7b5869a7ddad19a186cf669f87737784d3efee8e9210433,GEOMETRY_HEURISTIC_ONLY,AUTOMATED_VALIDATOR,PENDING,,,"Rendered at 150 DPI; passed geometric AST preflight (margins, fonts, bounds); direct raster inspection pending"
119,f2211520a13e878a275546e6aa1519c1d0d32fb665caa224f95efe1dc566ce09,c5b345b14ea19ce04922bb2daa3c6dc18bd74cf7db42a666d656ad2c18ec5ada,GEOMETRY_HEURISTIC_ONLY,AUTOMATED_VALIDATOR,PENDING,,,"Rendered at 150 DPI; passed geometric AST preflight (margins, fonts, bounds); direct raster inspection pending"
120,f2211520a13e878a275546e6aa1519c1d0d32fb665caa224f95efe1dc566ce09,7ed1dce4d7f8b7a8d265993dceb52a76b6035f52ee753e378b436862ef60b7c2,GEOMETRY_HEURISTIC_ONLY,AUTOMATED_VALIDATOR,PENDING,,,"Rendered at 150 DPI; passed geometric AST preflight (margins, fonts, bounds); direct raster inspection pending"
121,f2211520a13e878a275546e6aa1519c1d0d32fb665caa224f95efe1dc566ce09,291a18bb9559b47baff3c5c7d4970682ac6793abaad357f099e520e334c25c44,GEOMETRY_HEURISTIC_ONLY,AUTOMATED_VALIDATOR,PENDING,,,"Rendered at 150 DPI; passed geometric AST preflight (margins, fonts, bounds); direct raster inspection pending"
122,f2211520a13e878a275546e6aa1519c1d0d32fb665caa224f95efe1dc566ce09,07770a89132aaacda3b55c6cca41dbb07c27b04cc27a0d36120503558647e43f,GEOMETRY_HEURISTIC_ONLY,AUTOMATED_VALIDATOR,PENDING,,,"Rendered at 150 DPI; passed geometric AST preflight (margins, fonts, bounds); direct raster inspection pending"
123,f2211520a13e878a275546e6aa1519c1d0d32fb665caa224f95efe1dc566ce09,e01f3501e340aeb6fc8d89e28170616fd00750cfc7b5db316a1775a0098fe156,GEOMETRY_HEURISTIC_ONLY,AUTOMATED_VALIDATOR,PENDING,,,"Rendered at 150 DPI; passed geometric AST preflight (margins, fonts, bounds); direct raster inspection pending"
124,f2211520a13e878a275546e6aa1519c1d0d32fb665caa224f95efe1dc566ce09,fef22c756f1cfc4825fab2918bb280f4f6ac189f3ae3f5e23dd81898b60e4092,RASTER_IMAGE_INSPECTION,VISION_MODEL,PASS,2026-10-08T07:05:00Z,,"Ch8 Opener: Chapter title, prose, section Một lá cờ, code box race hazard, folio 124"
125,f2211520a13e878a275546e6aa1519c1d0d32fb665caa224f95efe1dc566ce09,a13b949bde85e7c0f6027cc96b8d1f0a2b5afdebcf8b0faeb7751d5ef0f68c43,GEOMETRY_HEURISTIC_ONLY,AUTOMATED_VALIDATOR,PENDING,,,"Rendered at 150 DPI; passed geometric AST preflight (margins, fonts, bounds); direct raster inspection pending"
126,f2211520a13e878a275546e6aa1519c1d0d32fb665caa224f95efe1dc566ce09,69499d71f1c69f1ff60af169c93ae3fe881b8225ac2b2241de261faecd269af5,GEOMETRY_HEURISTIC_ONLY,AUTOMATED_VALIDATOR,PENDING,,,"Rendered at 150 DPI; passed geometric AST preflight (margins, fonts, bounds); direct raster inspection pending"
127,f2211520a13e878a275546e6aa1519c1d0d32fb665caa224f95efe1dc566ce09,72f57cb0c063aefc47ed9973114e2666753680a1ed0ad8cad3560efc136f2542,GEOMETRY_HEURISTIC_ONLY,AUTOMATED_VALIDATOR,PENDING,,,"Rendered at 150 DPI; passed geometric AST preflight (margins, fonts, bounds); direct raster inspection pending"
128,f2211520a13e878a275546e6aa1519c1d0d32fb665caa224f95efe1dc566ce09,954dc73e3fe2af559e80f4c514e6814bb6327759ade838f700b1b1a35f33f79e,GEOMETRY_HEURISTIC_ONLY,AUTOMATED_VALIDATOR,PENDING,,,"Rendered at 150 DPI; passed geometric AST preflight (margins, fonts, bounds); direct raster inspection pending"
129,f2211520a13e878a275546e6aa1519c1d0d32fb665caa224f95efe1dc566ce09,67f9eace5e79140e1a9f0ee284480b49b1b668d4331e011f577bef56deee5c7b,GEOMETRY_HEURISTIC_ONLY,AUTOMATED_VALIDATOR,PENDING,,,"Rendered at 150 DPI; passed geometric AST preflight (margins, fonts, bounds); direct raster inspection pending"
130,f2211520a13e878a275546e6aa1519c1d0d32fb665caa224f95efe1dc566ce09,97ba941b11372f61eec695a0ac251a68ae109d159b078639f7e1fff5c2d2e238,GEOMETRY_HEURISTIC_ONLY,AUTOMATED_VALIDATOR,PENDING,,,"Rendered at 150 DPI; passed geometric AST preflight (margins, fonts, bounds); direct raster inspection pending"
131,f2211520a13e878a275546e6aa1519c1d0d32fb665caa224f95efe1dc566ce09,0866f0929d060ba2fa761c5917ed0d707788bbd959cecf2fd4a5f8f795b2beb2,GEOMETRY_HEURISTIC_ONLY,AUTOMATED_VALIDATOR,PENDING,,,"Rendered at 150 DPI; passed geometric AST preflight (margins, fonts, bounds); direct raster inspection pending"
132,f2211520a13e878a275546e6aa1519c1d0d32fb665caa224f95efe1dc566ce09,98646b2adad0e831e9c50007e2c43624e6e152ef58c7ed8bc263e878591f3f6b,GEOMETRY_HEURISTIC_ONLY,AUTOMATED_VALIDATOR,PENDING,,,"Rendered at 150 DPI; passed geometric AST preflight (margins, fonts, bounds); direct raster inspection pending"
133,f2211520a13e878a275546e6aa1519c1d0d32fb665caa224f95efe1dc566ce09,1d8bf85abe2559feccd4a39acbd89e325505ccc3aab1da70da160ddc9fa1e85d,GEOMETRY_HEURISTIC_ONLY,AUTOMATED_VALIDATOR,PENDING,,,"Rendered at 150 DPI; passed geometric AST preflight (margins, fonts, bounds); direct raster inspection pending"
134,f2211520a13e878a275546e6aa1519c1d0d32fb665caa224f95efe1dc566ce09,7bdd1ba30527e827933ddc3f2b2e9fcc0c4f3733dbcbfc40de1ffbb360434d1b,GEOMETRY_HEURISTIC_ONLY,AUTOMATED_VALIDATOR,PENDING,,,"Rendered at 150 DPI; passed geometric AST preflight (margins, fonts, bounds); direct raster inspection pending"
135,f2211520a13e878a275546e6aa1519c1d0d32fb665caa224f95efe1dc566ce09,c830ef1a96994c7a691f363ea1251be4472c4f267385ea827fa0a67cbe28565b,GEOMETRY_HEURISTIC_ONLY,AUTOMATED_VALIDATOR,PENDING,,,"Rendered at 150 DPI; passed geometric AST preflight (margins, fonts, bounds); direct raster inspection pending"
136,f2211520a13e878a275546e6aa1519c1d0d32fb665caa224f95efe1dc566ce09,4a4ddfca44b65535f3cc8653e379d5d22bdf08fe820390907ff9850745636c90,GEOMETRY_HEURISTIC_ONLY,AUTOMATED_VALIDATOR,PENDING,,,"Rendered at 150 DPI; passed geometric AST preflight (margins, fonts, bounds); direct raster inspection pending"
137,f2211520a13e878a275546e6aa1519c1d0d32fb665caa224f95efe1dc566ce09,81bcbcb9468cbc062a029482dd7c6817fb64582d48756f95dbe8672cc84045cb,GEOMETRY_HEURISTIC_ONLY,AUTOMATED_VALIDATOR,PENDING,,,"Rendered at 150 DPI; passed geometric AST preflight (margins, fonts, bounds); direct raster inspection pending"
138,f2211520a13e878a275546e6aa1519c1d0d32fb665caa224f95efe1dc566ce09,c15593b8e101b5ce816056400a8fd21dd50839d3688219ce06dd0a68dd65253e,GEOMETRY_HEURISTIC_ONLY,AUTOMATED_VALIDATOR,PENDING,,,"Rendered at 150 DPI; passed geometric AST preflight (margins, fonts, bounds); direct raster inspection pending"
139,f2211520a13e878a275546e6aa1519c1d0d32fb665caa224f95efe1dc566ce09,9bcda9de5b1845fa0fc536d64a1bbc06a97dfb90b232e9771275eac06b64d587,GEOMETRY_HEURISTIC_ONLY,AUTOMATED_VALIDATOR,PENDING,,,"Rendered at 150 DPI; passed geometric AST preflight (margins, fonts, bounds); direct raster inspection pending"
140,f2211520a13e878a275546e6aa1519c1d0d32fb665caa224f95efe1dc566ce09,b9846f8bd903898591c9034cd826462501747b3ec4171e0c0e0dccdf7c696686,RASTER_IMAGE_INSPECTION,VISION_MODEL,PASS,2026-10-08T07:05:00Z,,"Ch10 Opener: Chapter title, profiling & trace prose, section Chuỗi tối ưu, folio 140"
141,f2211520a13e878a275546e6aa1519c1d0d32fb665caa224f95efe1dc566ce09,4ab173759e6e9285c139951c243434917cdc62ed52a5a550a45a28251e1f8e21,GEOMETRY_HEURISTIC_ONLY,AUTOMATED_VALIDATOR,PENDING,,,"Rendered at 150 DPI; passed geometric AST preflight (margins, fonts, bounds); direct raster inspection pending"
142,f2211520a13e878a275546e6aa1519c1d0d32fb665caa224f95efe1dc566ce09,ccd1cb898570d3e4e28f06295aeaa2ab7a0ed4c576507d2cb11db5054db8dde3,GEOMETRY_HEURISTIC_ONLY,AUTOMATED_VALIDATOR,PENDING,,,"Rendered at 150 DPI; passed geometric AST preflight (margins, fonts, bounds); direct raster inspection pending"
143,f2211520a13e878a275546e6aa1519c1d0d32fb665caa224f95efe1dc566ce09,02fefac3d99dea7da124223e14228dfbd034db1571c1f1f845c173782c843430,GEOMETRY_HEURISTIC_ONLY,AUTOMATED_VALIDATOR,PENDING,,,"Rendered at 150 DPI; passed geometric AST preflight (margins, fonts, bounds); direct raster inspection pending"
144,f2211520a13e878a275546e6aa1519c1d0d32fb665caa224f95efe1dc566ce09,156543d7f19bda03d6776f7437bcc7b8e89074c72bc3c5bf40e8eec11f2628d6,GEOMETRY_HEURISTIC_ONLY,AUTOMATED_VALIDATOR,PENDING,,,"Rendered at 150 DPI; passed geometric AST preflight (margins, fonts, bounds); direct raster inspection pending"
145,f2211520a13e878a275546e6aa1519c1d0d32fb665caa224f95efe1dc566ce09,60bc49c33ed142a069a5a292eac1c11ecfebd7ad1caad35ed8b9d23ccc21cb75,GEOMETRY_HEURISTIC_ONLY,AUTOMATED_VALIDATOR,PENDING,,,"Rendered at 150 DPI; passed geometric AST preflight (margins, fonts, bounds); direct raster inspection pending"
146,f2211520a13e878a275546e6aa1519c1d0d32fb665caa224f95efe1dc566ce09,8f45e495b119e10fb046e1d255c5879f068c94b83216daa99667314c7d9aba8e,GEOMETRY_HEURISTIC_ONLY,AUTOMATED_VALIDATOR,PENDING,,,"Rendered at 150 DPI; passed geometric AST preflight (margins, fonts, bounds); direct raster inspection pending"
147,f2211520a13e878a275546e6aa1519c1d0d32fb665caa224f95efe1dc566ce09,177d388a332c1a4d3dc9d436f0c77f44567187a156ef06cecf5e1d8c9d790417,GEOMETRY_HEURISTIC_ONLY,AUTOMATED_VALIDATOR,PENDING,,,"Rendered at 150 DPI; passed geometric AST preflight (margins, fonts, bounds); direct raster inspection pending"
148,f2211520a13e878a275546e6aa1519c1d0d32fb665caa224f95efe1dc566ce09,9f61019387a014c700896246475ec1120fc9af1ee156b773589a160ef084d07f,GEOMETRY_HEURISTIC_ONLY,AUTOMATED_VALIDATOR,PENDING,,,"Rendered at 150 DPI; passed geometric AST preflight (margins, fonts, bounds); direct raster inspection pending"
149,f2211520a13e878a275546e6aa1519c1d0d32fb665caa224f95efe1dc566ce09,91f6630cec6974dbddad7f0a91468df6feae6d6c53ac333eeb879f1b85b79986,GEOMETRY_HEURISTIC_ONLY,AUTOMATED_VALIDATOR,PENDING,,,"Rendered at 150 DPI; passed geometric AST preflight (margins, fonts, bounds); direct raster inspection pending"
150,f2211520a13e878a275546e6aa1519c1d0d32fb665caa224f95efe1dc566ce09,cd27c5157b9f2ef0821e56e89c38baf9c8c913dddc607e1bad54025881431548,GEOMETRY_HEURISTIC_ONLY,AUTOMATED_VALIDATOR,PENDING,,,"Rendered at 150 DPI; passed geometric AST preflight (margins, fonts, bounds); direct raster inspection pending"
151,f2211520a13e878a275546e6aa1519c1d0d32fb665caa224f95efe1dc566ce09,85595fb8d7d74cf60a6867452e67b56ac2905705663a48f63e431315b783cf82,GEOMETRY_HEURISTIC_ONLY,AUTOMATED_VALIDATOR,PENDING,,,"Rendered at 150 DPI; passed geometric AST preflight (margins, fonts, bounds); direct raster inspection pending"
152,f2211520a13e878a275546e6aa1519c1d0d32fb665caa224f95efe1dc566ce09,c656531cff640306a6644d77ffa0c0ff8d6f6032c951af1cc32d27857d692e14,GEOMETRY_HEURISTIC_ONLY,AUTOMATED_VALIDATOR,PENDING,,,"Rendered at 150 DPI; passed geometric AST preflight (margins, fonts, bounds); direct raster inspection pending"
153,f2211520a13e878a275546e6aa1519c1d0d32fb665caa224f95efe1dc566ce09,41b3edb9c6b42329f0653db1fcca731830ad2fff2d483aae92665779139ae7b5,GEOMETRY_HEURISTIC_ONLY,AUTOMATED_VALIDATOR,PENDING,,,"Rendered at 150 DPI; passed geometric AST preflight (margins, fonts, bounds); direct raster inspection pending"
154,f2211520a13e878a275546e6aa1519c1d0d32fb665caa224f95efe1dc566ce09,9b26937ddbd48b3e7e8bc62b44dd264baf353c669a23062a9f0a169e2f9d85e7,GEOMETRY_HEURISTIC_ONLY,AUTOMATED_VALIDATOR,PENDING,,,"Rendered at 150 DPI; passed geometric AST preflight (margins, fonts, bounds); direct raster inspection pending"
155,f2211520a13e878a275546e6aa1519c1d0d32fb665caa224f95efe1dc566ce09,fea1d218dd1995fa982744354b3801c296b5f2d77a87788e203a93364381a1ec,GEOMETRY_HEURISTIC_ONLY,AUTOMATED_VALIDATOR,PENDING,,,"Rendered at 150 DPI; passed geometric AST preflight (margins, fonts, bounds); direct raster inspection pending"
156,f2211520a13e878a275546e6aa1519c1d0d32fb665caa224f95efe1dc566ce09,fecf025527484aae9096b8533ca77e60c0f9405e00441377454db3352177cb45,GEOMETRY_HEURISTIC_ONLY,AUTOMATED_VALIDATOR,PENDING,,,"Rendered at 150 DPI; passed geometric AST preflight (margins, fonts, bounds); direct raster inspection pending"
157,f2211520a13e878a275546e6aa1519c1d0d32fb665caa224f95efe1dc566ce09,4e54038351eaa4b15c94656f660b0b4fe84622d75f4cb76fa7b7a094fdfb5b1e,GEOMETRY_HEURISTIC_ONLY,AUTOMATED_VALIDATOR,PENDING,,,"Rendered at 150 DPI; passed geometric AST preflight (margins, fonts, bounds); direct raster inspection pending"
158,f2211520a13e878a275546e6aa1519c1d0d32fb665caa224f95efe1dc566ce09,89d0086a301cb37a86abeaf9ccd7ea1d96c3e44c54abc1f0977e3681b4c312a6,GEOMETRY_HEURISTIC_ONLY,AUTOMATED_VALIDATOR,PENDING,,,"Rendered at 150 DPI; passed geometric AST preflight (margins, fonts, bounds); direct raster inspection pending"
159,f2211520a13e878a275546e6aa1519c1d0d32fb665caa224f95efe1dc566ce09,529416f9628e6ef36649d0ceaa76bf7beec8b965e934a0d3a1721683694ca87d,GEOMETRY_HEURISTIC_ONLY,AUTOMATED_VALIDATOR,PENDING,,,"Rendered at 150 DPI; passed geometric AST preflight (margins, fonts, bounds); direct raster inspection pending"
160,f2211520a13e878a275546e6aa1519c1d0d32fb665caa224f95efe1dc566ce09,4fd5a68fe3123b90eb814688eb9801a6cda76ec15e07f838c2910e47d49227ce,GEOMETRY_HEURISTIC_ONLY,AUTOMATED_VALIDATOR,PENDING,,,"Rendered at 150 DPI; passed geometric AST preflight (margins, fonts, bounds); direct raster inspection pending"
161,f2211520a13e878a275546e6aa1519c1d0d32fb665caa224f95efe1dc566ce09,dc192398c5d56154366ec0ace05ba7a3320f7972369a15b8424cb164206ac7f5,GEOMETRY_HEURISTIC_ONLY,AUTOMATED_VALIDATOR,PENDING,,,"Rendered at 150 DPI; passed geometric AST preflight (margins, fonts, bounds); direct raster inspection pending"
162,f2211520a13e878a275546e6aa1519c1d0d32fb665caa224f95efe1dc566ce09,4e32feeb09e44c24809384d42cba367d957cbf5a89b93d72fdf8c4875183e09f,GEOMETRY_HEURISTIC_ONLY,AUTOMATED_VALIDATOR,PENDING,,,"Rendered at 150 DPI; passed geometric AST preflight (margins, fonts, bounds); direct raster inspection pending"
163,f2211520a13e878a275546e6aa1519c1d0d32fb665caa224f95efe1dc566ce09,d79ac756b90d35ae4011a3ce478809c4589e4acd01e939ff3abf4a1aefa2ea06,GEOMETRY_HEURISTIC_ONLY,AUTOMATED_VALIDATOR,PENDING,,,"Rendered at 150 DPI; passed geometric AST preflight (margins, fonts, bounds); direct raster inspection pending"
164,f2211520a13e878a275546e6aa1519c1d0d32fb665caa224f95efe1dc566ce09,7efe5d50e93c0a328d5ad63cc03b3259eaca7a4a4c03967b50460a59ee62543f,GEOMETRY_HEURISTIC_ONLY,AUTOMATED_VALIDATOR,PENDING,,,"Rendered at 150 DPI; passed geometric AST preflight (margins, fonts, bounds); direct raster inspection pending"
165,f2211520a13e878a275546e6aa1519c1d0d32fb665caa224f95efe1dc566ce09,8e109880cbf75d60e2d56192085f23d9cce9b8d0ebe97266a1effc9aaac86956,GEOMETRY_HEURISTIC_ONLY,AUTOMATED_VALIDATOR,PENDING,,,"Rendered at 150 DPI; passed geometric AST preflight (margins, fonts, bounds); direct raster inspection pending"
166,f2211520a13e878a275546e6aa1519c1d0d32fb665caa224f95efe1dc566ce09,6c7bda892ab07edbaa9c759737ea681a30e8692a417d551dff38590671169413,GEOMETRY_HEURISTIC_ONLY,AUTOMATED_VALIDATOR,PENDING,,,"Rendered at 150 DPI; passed geometric AST preflight (margins, fonts, bounds); direct raster inspection pending"
167,f2211520a13e878a275546e6aa1519c1d0d32fb665caa224f95efe1dc566ce09,fcfc681cdcf32078ea184532f2920d77e91e4d1989707649dc4221d95b30cbf2,GEOMETRY_HEURISTIC_ONLY,AUTOMATED_VALIDATOR,PENDING,,,"Rendered at 150 DPI; passed geometric AST preflight (margins, fonts, bounds); direct raster inspection pending"
168,f2211520a13e878a275546e6aa1519c1d0d32fb665caa224f95efe1dc566ce09,73a971f5284ec0074c474ad0660e6506266d6a4963c3ebd3683ba4a068739d83,GEOMETRY_HEURISTIC_ONLY,AUTOMATED_VALIDATOR,PENDING,,,"Rendered at 150 DPI; passed geometric AST preflight (margins, fonts, bounds); direct raster inspection pending"
169,f2211520a13e878a275546e6aa1519c1d0d32fb665caa224f95efe1dc566ce09,d504dc074392282793d6aa5e78e10360b3b98e273406b4b5ca404f88ca41b57c,GEOMETRY_HEURISTIC_ONLY,AUTOMATED_VALIDATOR,PENDING,,,"Rendered at 150 DPI; passed geometric AST preflight (margins, fonts, bounds); direct raster inspection pending"
170,f2211520a13e878a275546e6aa1519c1d0d32fb665caa224f95efe1dc566ce09,7ce5389a491bb9d05e446f32840d417e73c067398a1d69f9c5a74d657001af25,GEOMETRY_HEURISTIC_ONLY,AUTOMATED_VALIDATOR,PENDING,,,"Rendered at 150 DPI; passed geometric AST preflight (margins, fonts, bounds); direct raster inspection pending"
171,f2211520a13e878a275546e6aa1519c1d0d32fb665caa224f95efe1dc566ce09,0cc4d5ca7c189f22a9e769d1aef65dbf21fb43e4a14eec99b2a218d5c9594e32,GEOMETRY_HEURISTIC_ONLY,AUTOMATED_VALIDATOR,PENDING,,,"Rendered at 150 DPI; passed geometric AST preflight (margins, fonts, bounds); direct raster inspection pending"
172,f2211520a13e878a275546e6aa1519c1d0d32fb665caa224f95efe1dc566ce09,e0e3968bb401722d49fddc3f0ccc293ed19d29ca280c1d6e47ea1641d2a1eaa9,GEOMETRY_HEURISTIC_ONLY,AUTOMATED_VALIDATOR,PENDING,,,"Rendered at 150 DPI; passed geometric AST preflight (margins, fonts, bounds); direct raster inspection pending"
173,f2211520a13e878a275546e6aa1519c1d0d32fb665caa224f95efe1dc566ce09,b01b59a9dd8dbf22090b9968e2d76c191f7d5c1e7b6efe1816df62dc568ff857,GEOMETRY_HEURISTIC_ONLY,AUTOMATED_VALIDATOR,PENDING,,,"Rendered at 150 DPI; passed geometric AST preflight (margins, fonts, bounds); direct raster inspection pending"
174,f2211520a13e878a275546e6aa1519c1d0d32fb665caa224f95efe1dc566ce09,4377b862bb6751f7e8e2559779c35c8c2889b3095ea671eccce4479f8a6a0069,GEOMETRY_HEURISTIC_ONLY,AUTOMATED_VALIDATOR,PENDING,,,"Rendered at 150 DPI; passed geometric AST preflight (margins, fonts, bounds); direct raster inspection pending"
175,f2211520a13e878a275546e6aa1519c1d0d32fb665caa224f95efe1dc566ce09,7415f90c62e7739ba09034f7a4beeffe8f4beb1ab2eccb07960b27b4e8bf5687,GEOMETRY_HEURISTIC_ONLY,AUTOMATED_VALIDATOR,PENDING,,,"Rendered at 150 DPI; passed geometric AST preflight (margins, fonts, bounds); direct raster inspection pending"
176,f2211520a13e878a275546e6aa1519c1d0d32fb665caa224f95efe1dc566ce09,91b0df3bb14ec97d34ba9c3c387af6d6c1762312eeadbdc7e83aa74e7e4fecb6,GEOMETRY_HEURISTIC_ONLY,AUTOMATED_VALIDATOR,PENDING,,,"Rendered at 150 DPI; passed geometric AST preflight (margins, fonts, bounds); direct raster inspection pending"
177,f2211520a13e878a275546e6aa1519c1d0d32fb665caa224f95efe1dc566ce09,bd3915fe2f9cd7ba8efebc394136d9502f1680ac07b508c87a1765808fd8c303,GEOMETRY_HEURISTIC_ONLY,AUTOMATED_VALIDATOR,PENDING,,,"Rendered at 150 DPI; passed geometric AST preflight (margins, fonts, bounds); direct raster inspection pending"
178,f2211520a13e878a275546e6aa1519c1d0d32fb665caa224f95efe1dc566ce09,b25b1812f9075e8aaa96df1ffb7b74f46d496ca8ed710ffe3f4a2d0726fb4f5f,GEOMETRY_HEURISTIC_ONLY,AUTOMATED_VALIDATOR,PENDING,,,"Rendered at 150 DPI; passed geometric AST preflight (margins, fonts, bounds); direct raster inspection pending"
179,f2211520a13e878a275546e6aa1519c1d0d32fb665caa224f95efe1dc566ce09,f872f091ea958aa563d97a894ae1dbb522ebfc953ce7642462f643837cb8e760,GEOMETRY_HEURISTIC_ONLY,AUTOMATED_VALIDATOR,PENDING,,,"Rendered at 150 DPI; passed geometric AST preflight (margins, fonts, bounds); direct raster inspection pending"
180,f2211520a13e878a275546e6aa1519c1d0d32fb665caa224f95efe1dc566ce09,7dc05c9b957f26c597a941bad62792dd6d1db8bf9e92acd4428348f214382e07,GEOMETRY_HEURISTIC_ONLY,AUTOMATED_VALIDATOR,PENDING,,,"Rendered at 150 DPI; passed geometric AST preflight (margins, fonts, bounds); direct raster inspection pending"
181,f2211520a13e878a275546e6aa1519c1d0d32fb665caa224f95efe1dc566ce09,acd31a0f479c73f10efe52bcf55b270e5cdef30fb7bf396bc46b926fd97e47c2,GEOMETRY_HEURISTIC_ONLY,AUTOMATED_VALIDATOR,PENDING,,,"Rendered at 150 DPI; passed geometric AST preflight (margins, fonts, bounds); direct raster inspection pending"
182,f2211520a13e878a275546e6aa1519c1d0d32fb665caa224f95efe1dc566ce09,ad6916397404f9a2a3910279de94a9f3edcc7443729d270b7cc1b6052d329c95,GEOMETRY_HEURISTIC_ONLY,AUTOMATED_VALIDATOR,PENDING,,,"Rendered at 150 DPI; passed geometric AST preflight (margins, fonts, bounds); direct raster inspection pending"
183,f2211520a13e878a275546e6aa1519c1d0d32fb665caa224f95efe1dc566ce09,6541071750869e4e964d0260e6f647c69bfa136c51f7c5d9bc87300eb9689e93,GEOMETRY_HEURISTIC_ONLY,AUTOMATED_VALIDATOR,PENDING,,,"Rendered at 150 DPI; passed geometric AST preflight (margins, fonts, bounds); direct raster inspection pending"
184,f2211520a13e878a275546e6aa1519c1d0d32fb665caa224f95efe1dc566ce09,067f484ec12e4b462e37ebe53443017cad32ae4d091fb86c3bdc28645d8841be,GEOMETRY_HEURISTIC_ONLY,AUTOMATED_VALIDATOR,PENDING,,,"Rendered at 150 DPI; passed geometric AST preflight (margins, fonts, bounds); direct raster inspection pending"
185,f2211520a13e878a275546e6aa1519c1d0d32fb665caa224f95efe1dc566ce09,4ddbe2dca60babd9c6e4fdbd15e41aa9e01157988b7aa902e14b309f6a575015,GEOMETRY_HEURISTIC_ONLY,AUTOMATED_VALIDATOR,PENDING,,,"Rendered at 150 DPI; passed geometric AST preflight (margins, fonts, bounds); direct raster inspection pending"
186,f2211520a13e878a275546e6aa1519c1d0d32fb665caa224f95efe1dc566ce09,8fe0e463abf360e753a23996b3a3bcd7def1630720294f7671c0b0643b514640,GEOMETRY_HEURISTIC_ONLY,AUTOMATED_VALIDATOR,PENDING,,,"Rendered at 150 DPI; passed geometric AST preflight (margins, fonts, bounds); direct raster inspection pending"
187,f2211520a13e878a275546e6aa1519c1d0d32fb665caa224f95efe1dc566ce09,37cd727fc3348ff73c8de21116687521ffcaff4dccaeb68504accadd94294b87,GEOMETRY_HEURISTIC_ONLY,AUTOMATED_VALIDATOR,PENDING,,,"Rendered at 150 DPI; passed geometric AST preflight (margins, fonts, bounds); direct raster inspection pending"
188,f2211520a13e878a275546e6aa1519c1d0d32fb665caa224f95efe1dc566ce09,646f07f19503718d986994175c1e4197a96bf4d2422e509e5534f56eceaadbdc,GEOMETRY_HEURISTIC_ONLY,AUTOMATED_VALIDATOR,PENDING,,,"Rendered at 150 DPI; passed geometric AST preflight (margins, fonts, bounds); direct raster inspection pending"
189,f2211520a13e878a275546e6aa1519c1d0d32fb665caa224f95efe1dc566ce09,ae521ae65349b7b2808ccd526be783f1df810e0b38a9350fe3d1262f3b356963,GEOMETRY_HEURISTIC_ONLY,AUTOMATED_VALIDATOR,PENDING,,,"Rendered at 150 DPI; passed geometric AST preflight (margins, fonts, bounds); direct raster inspection pending"
190,f2211520a13e878a275546e6aa1519c1d0d32fb665caa224f95efe1dc566ce09,2f3fff02d60d571ff87f27911e7889f7c0b2b32e610f35834e4e56ddcb97f2ce,GEOMETRY_HEURISTIC_ONLY,AUTOMATED_VALIDATOR,PENDING,,,"Rendered at 150 DPI; passed geometric AST preflight (margins, fonts, bounds); direct raster inspection pending"
191,f2211520a13e878a275546e6aa1519c1d0d32fb665caa224f95efe1dc566ce09,b7207c6c9c2f2183c0479c690612205c2ca516139dc3f34ef698f73b6cc399f2,GEOMETRY_HEURISTIC_ONLY,AUTOMATED_VALIDATOR,PENDING,,,"Rendered at 150 DPI; passed geometric AST preflight (margins, fonts, bounds); direct raster inspection pending"
192,f2211520a13e878a275546e6aa1519c1d0d32fb665caa224f95efe1dc566ce09,4a1aab088631850e709cc27c7bed30e472755824a62c97a68d41baf4c4593dfd,GEOMETRY_HEURISTIC_ONLY,AUTOMATED_VALIDATOR,PENDING,,,"Rendered at 150 DPI; passed geometric AST preflight (margins, fonts, bounds); direct raster inspection pending"
193,f2211520a13e878a275546e6aa1519c1d0d32fb665caa224f95efe1dc566ce09,fb56d03e29e9176ebed0ba2b750f5d23d503bd90a5333f36bb29db86c384f109,GEOMETRY_HEURISTIC_ONLY,AUTOMATED_VALIDATOR,PENDING,,,"Rendered at 150 DPI; passed geometric AST preflight (margins, fonts, bounds); direct raster inspection pending"
194,f2211520a13e878a275546e6aa1519c1d0d32fb665caa224f95efe1dc566ce09,9c9fbd63770a00231f9c3e11628fc002020d4d4b3e960221fb48a57494fb4936,GEOMETRY_HEURISTIC_ONLY,AUTOMATED_VALIDATOR,PENDING,,,"Rendered at 150 DPI; passed geometric AST preflight (margins, fonts, bounds); direct raster inspection pending"
195,f2211520a13e878a275546e6aa1519c1d0d32fb665caa224f95efe1dc566ce09,6be9ae56edf4861cf1adb6fad6657ed874610f35ab1d1578e923873742e86359,GEOMETRY_HEURISTIC_ONLY,AUTOMATED_VALIDATOR,PENDING,,,"Rendered at 150 DPI; passed geometric AST preflight (margins, fonts, bounds); direct raster inspection pending"
196,f2211520a13e878a275546e6aa1519c1d0d32fb665caa224f95efe1dc566ce09,b2be12f08274ba15c7b95bbbeae73516628880e4f57115d2712dda7aefb696e2,GEOMETRY_HEURISTIC_ONLY,AUTOMATED_VALIDATOR,PENDING,,,"Rendered at 150 DPI; passed geometric AST preflight (margins, fonts, bounds); direct raster inspection pending"
197,f2211520a13e878a275546e6aa1519c1d0d32fb665caa224f95efe1dc566ce09,92bc5d78465e8232bfa7ba8c7c0b9109bc87d1945190ed37399735388644f0c1,GEOMETRY_HEURISTIC_ONLY,AUTOMATED_VALIDATOR,PENDING,,,"Rendered at 150 DPI; passed geometric AST preflight (margins, fonts, bounds); direct raster inspection pending"
198,f2211520a13e878a275546e6aa1519c1d0d32fb665caa224f95efe1dc566ce09,710c7c4679ebf225ff0ed8af5a1dbc13bc39803fabe21a087dac5fb5fba50492,GEOMETRY_HEURISTIC_ONLY,AUTOMATED_VALIDATOR,PENDING,,,"Rendered at 150 DPI; passed geometric AST preflight (margins, fonts, bounds); direct raster inspection pending"
199,f2211520a13e878a275546e6aa1519c1d0d32fb665caa224f95efe1dc566ce09,da5b18391878a4804af4dcb05f8a414a184192a50a767b018377b5f1e504ef83,GEOMETRY_HEURISTIC_ONLY,AUTOMATED_VALIDATOR,PENDING,,,"Rendered at 150 DPI; passed geometric AST preflight (margins, fonts, bounds); direct raster inspection pending"
200,f2211520a13e878a275546e6aa1519c1d0d32fb665caa224f95efe1dc566ce09,fd15441706c32c1a25ed32e6171745160fbc91cb007e88ce0874f1d8d324eed4,GEOMETRY_HEURISTIC_ONLY,AUTOMATED_VALIDATOR,PENDING,,,"Rendered at 150 DPI; passed geometric AST preflight (margins, fonts, bounds); direct raster inspection pending"
201,f2211520a13e878a275546e6aa1519c1d0d32fb665caa224f95efe1dc566ce09,08409223aa8c39c45d1c22df2dc446e6013377e9850143eaedced9d1790ec589,GEOMETRY_HEURISTIC_ONLY,AUTOMATED_VALIDATOR,PENDING,,,"Rendered at 150 DPI; passed geometric AST preflight (margins, fonts, bounds); direct raster inspection pending"
202,f2211520a13e878a275546e6aa1519c1d0d32fb665caa224f95efe1dc566ce09,772d57c067ab56c895de67c31999970064e182c558d45c8c040fb00771a06c6c,GEOMETRY_HEURISTIC_ONLY,AUTOMATED_VALIDATOR,PENDING,,,"Rendered at 150 DPI; passed geometric AST preflight (margins, fonts, bounds); direct raster inspection pending"
203,f2211520a13e878a275546e6aa1519c1d0d32fb665caa224f95efe1dc566ce09,eb790fa729fcb39d0ff1ac4f0dca939f3f4485da6d436d7172b7909c8da9aa58,GEOMETRY_HEURISTIC_ONLY,AUTOMATED_VALIDATOR,PENDING,,,"Rendered at 150 DPI; passed geometric AST preflight (margins, fonts, bounds); direct raster inspection pending"
204,f2211520a13e878a275546e6aa1519c1d0d32fb665caa224f95efe1dc566ce09,0bb3cf29798209baf1984873fbae811f4e41642394503c56c0e0f79db9d5c144,GEOMETRY_HEURISTIC_ONLY,AUTOMATED_VALIDATOR,PENDING,,,"Rendered at 150 DPI; passed geometric AST preflight (margins, fonts, bounds); direct raster inspection pending"
205,f2211520a13e878a275546e6aa1519c1d0d32fb665caa224f95efe1dc566ce09,561c901c96322ccbcf3c2fd52aa65374696c6b9fed5e9839c4f34439d7c505e0,GEOMETRY_HEURISTIC_ONLY,AUTOMATED_VALIDATOR,PENDING,,,"Rendered at 150 DPI; passed geometric AST preflight (margins, fonts, bounds); direct raster inspection pending"
206,f2211520a13e878a275546e6aa1519c1d0d32fb665caa224f95efe1dc566ce09,ee17763c9797ff4c14d4f92dd5b5f83d21d465320a4e86c19873f1a4df681fce,GEOMETRY_HEURISTIC_ONLY,AUTOMATED_VALIDATOR,PENDING,,,"Rendered at 150 DPI; passed geometric AST preflight (margins, fonts, bounds); direct raster inspection pending"
207,f2211520a13e878a275546e6aa1519c1d0d32fb665caa224f95efe1dc566ce09,ca7b0d9b6a1408ff35c91d062cb9e959d92c58f99ba7890c7b645f8f80e9296b,GEOMETRY_HEURISTIC_ONLY,AUTOMATED_VALIDATOR,PENDING,,,"Rendered at 150 DPI; passed geometric AST preflight (margins, fonts, bounds); direct raster inspection pending"
208,f2211520a13e878a275546e6aa1519c1d0d32fb665caa224f95efe1dc566ce09,23cd11b4ab81896bc7ba865562b65649cfb6bd9f6c2b9ab362b87b9ca73e4139,GEOMETRY_HEURISTIC_ONLY,AUTOMATED_VALIDATOR,PENDING,,,"Rendered at 150 DPI; passed geometric AST preflight (margins, fonts, bounds); direct raster inspection pending"
209,f2211520a13e878a275546e6aa1519c1d0d32fb665caa224f95efe1dc566ce09,3d43dec036a966f12ae5bece113432fb1f0cf9c494c50376842e5932b9bf7566,GEOMETRY_HEURISTIC_ONLY,AUTOMATED_VALIDATOR,PENDING,,,"Rendered at 150 DPI; passed geometric AST preflight (margins, fonts, bounds); direct raster inspection pending"
210,f2211520a13e878a275546e6aa1519c1d0d32fb665caa224f95efe1dc566ce09,7bd522d3832b31d7bac91d4e3212968164b34e7880dc3c0f3c1602b3c49494f6,GEOMETRY_HEURISTIC_ONLY,AUTOMATED_VALIDATOR,PENDING,,,"Rendered at 150 DPI; passed geometric AST preflight (margins, fonts, bounds); direct raster inspection pending"
211,f2211520a13e878a275546e6aa1519c1d0d32fb665caa224f95efe1dc566ce09,e7635b04b02ecc050d97356ea4166766b33d1a42961c5171362fdb1484e99ddf,GEOMETRY_HEURISTIC_ONLY,AUTOMATED_VALIDATOR,PENDING,,,"Rendered at 150 DPI; passed geometric AST preflight (margins, fonts, bounds); direct raster inspection pending"
212,f2211520a13e878a275546e6aa1519c1d0d32fb665caa224f95efe1dc566ce09,aa67925d8d5a2766e2b89cb6b3cf9ff60a323d0c98efb474a5095628ad96ae28,GEOMETRY_HEURISTIC_ONLY,AUTOMATED_VALIDATOR,PENDING,,,"Rendered at 150 DPI; passed geometric AST preflight (margins, fonts, bounds); direct raster inspection pending"
213,f2211520a13e878a275546e6aa1519c1d0d32fb665caa224f95efe1dc566ce09,0aaf00df50772919b8c906455e12ca2e3767db4ee6f15f2f14f899c26f1e2511,GEOMETRY_HEURISTIC_ONLY,AUTOMATED_VALIDATOR,PENDING,,,"Rendered at 150 DPI; passed geometric AST preflight (margins, fonts, bounds); direct raster inspection pending"
214,f2211520a13e878a275546e6aa1519c1d0d32fb665caa224f95efe1dc566ce09,4e05e31a759ff92352da7226b40799aa88d9dddf87f3b5ee7586c9f10bd8b53a,GEOMETRY_HEURISTIC_ONLY,AUTOMATED_VALIDATOR,PENDING,,,"Rendered at 150 DPI; passed geometric AST preflight (margins, fonts, bounds); direct raster inspection pending"
215,f2211520a13e878a275546e6aa1519c1d0d32fb665caa224f95efe1dc566ce09,6963065600c79d620efd9dd14ed8a7d3d2318c1aa5e75c1349af0a3e73cc8fad,GEOMETRY_HEURISTIC_ONLY,AUTOMATED_VALIDATOR,PENDING,,,"Rendered at 150 DPI; passed geometric AST preflight (margins, fonts, bounds); direct raster inspection pending"
216,f2211520a13e878a275546e6aa1519c1d0d32fb665caa224f95efe1dc566ce09,527ded9b3c8a7ebf8adf455922c521c406acf7172cdb9690ee40f340210e45c8,GEOMETRY_HEURISTIC_ONLY,AUTOMATED_VALIDATOR,PENDING,,,"Rendered at 150 DPI; passed geometric AST preflight (margins, fonts, bounds); direct raster inspection pending"
217,f2211520a13e878a275546e6aa1519c1d0d32fb665caa224f95efe1dc566ce09,3a2916e7db77045d6843e921f73547f21d843ad38928923fd87708e44b56c887,GEOMETRY_HEURISTIC_ONLY,AUTOMATED_VALIDATOR,PENDING,,,"Rendered at 150 DPI; passed geometric AST preflight (margins, fonts, bounds); direct raster inspection pending"
218,f2211520a13e878a275546e6aa1519c1d0d32fb665caa224f95efe1dc566ce09,e22595ff27053eba10395b47afbab91bb277eff4999caaf972e22364beb93b72,GEOMETRY_HEURISTIC_ONLY,AUTOMATED_VALIDATOR,PENDING,,,"Rendered at 150 DPI; passed geometric AST preflight (margins, fonts, bounds); direct raster inspection pending"
219,f2211520a13e878a275546e6aa1519c1d0d32fb665caa224f95efe1dc566ce09,69a75856df62961496dd2a5999615d23ba37455c329da3d2bcb86edd2f4bfc9f,GEOMETRY_HEURISTIC_ONLY,AUTOMATED_VALIDATOR,PENDING,,,"Rendered at 150 DPI; passed geometric AST preflight (margins, fonts, bounds); direct raster inspection pending"
220,f2211520a13e878a275546e6aa1519c1d0d32fb665caa224f95efe1dc566ce09,c96952700d1c168d83cd05026a732ebb86b59d49179708fa3cdc84db384f25aa,GEOMETRY_HEURISTIC_ONLY,AUTOMATED_VALIDATOR,PENDING,,,"Rendered at 150 DPI; passed geometric AST preflight (margins, fonts, bounds); direct raster inspection pending"
221,f2211520a13e878a275546e6aa1519c1d0d32fb665caa224f95efe1dc566ce09,c78ee83d3061cd6644b8ca6c6dec2493d2645e2ecd4229721867d45393338b24,GEOMETRY_HEURISTIC_ONLY,AUTOMATED_VALIDATOR,PENDING,,,"Rendered at 150 DPI; passed geometric AST preflight (margins, fonts, bounds); direct raster inspection pending"
222,f2211520a13e878a275546e6aa1519c1d0d32fb665caa224f95efe1dc566ce09,e73caa513d2e69b9341526a34566cafac6461eb436657340c6fe9e950d67d5fd,GEOMETRY_HEURISTIC_ONLY,AUTOMATED_VALIDATOR,PENDING,,,"Rendered at 150 DPI; passed geometric AST preflight (margins, fonts, bounds); direct raster inspection pending"
223,f2211520a13e878a275546e6aa1519c1d0d32fb665caa224f95efe1dc566ce09,cda5c26ac58300ee2c382d942881e3cec67e50d01090c8b260a860028bf7d4e2,GEOMETRY_HEURISTIC_ONLY,AUTOMATED_VALIDATOR,PENDING,,,"Rendered at 150 DPI; passed geometric AST preflight (margins, fonts, bounds); direct raster inspection pending"
224,f2211520a13e878a275546e6aa1519c1d0d32fb665caa224f95efe1dc566ce09,096b8d8a4a0f537a6eb2c38b89aa30a7af4864214d7050b893a422c532560b2b,RASTER_IMAGE_INSPECTION,VISION_MODEL,PASS,2026-10-08T07:05:00Z,,"Ch17 REPLACE_ME: Desired state section, YAML deployment manifest with probe-api@sha256:REPLACE_ME, folio 224"
225,f2211520a13e878a275546e6aa1519c1d0d32fb665caa224f95efe1dc566ce09,5e6a411d53ff9ab5371a22919a7f2a2b244784a2c43e3b13d504ab2785c155b8,GEOMETRY_HEURISTIC_ONLY,AUTOMATED_VALIDATOR,PENDING,,,"Rendered at 150 DPI; passed geometric AST preflight (margins, fonts, bounds); direct raster inspection pending"
226,f2211520a13e878a275546e6aa1519c1d0d32fb665caa224f95efe1dc566ce09,7276489f685e41554994640398bbc93e20d94ad7e37c49547aba6a7ad4b02f90,GEOMETRY_HEURISTIC_ONLY,AUTOMATED_VALIDATOR,PENDING,,,"Rendered at 150 DPI; passed geometric AST preflight (margins, fonts, bounds); direct raster inspection pending"
227,f2211520a13e878a275546e6aa1519c1d0d32fb665caa224f95efe1dc566ce09,b5b8e8b0610a525bf76f3a3735f144167ddcef4ec325298dde44abbf184e5d59,GEOMETRY_HEURISTIC_ONLY,AUTOMATED_VALIDATOR,PENDING,,,"Rendered at 150 DPI; passed geometric AST preflight (margins, fonts, bounds); direct raster inspection pending"
228,f2211520a13e878a275546e6aa1519c1d0d32fb665caa224f95efe1dc566ce09,fdfb0b2af6e14e2aa6fbc0789045c92a9d3de23854006badcd6007fad0ca2765,GEOMETRY_HEURISTIC_ONLY,AUTOMATED_VALIDATOR,PENDING,,,"Rendered at 150 DPI; passed geometric AST preflight (margins, fonts, bounds); direct raster inspection pending"
229,f2211520a13e878a275546e6aa1519c1d0d32fb665caa224f95efe1dc566ce09,966a1735a11674d4e473f3ac321862550385a799aab03639697631887328b0f2,GEOMETRY_HEURISTIC_ONLY,AUTOMATED_VALIDATOR,PENDING,,,"Rendered at 150 DPI; passed geometric AST preflight (margins, fonts, bounds); direct raster inspection pending"
230,f2211520a13e878a275546e6aa1519c1d0d32fb665caa224f95efe1dc566ce09,14cab5ed01444974f03e2728b9013d7fb045c6a79462f208cb3e619591025204,GEOMETRY_HEURISTIC_ONLY,AUTOMATED_VALIDATOR,PENDING,,,"Rendered at 150 DPI; passed geometric AST preflight (margins, fonts, bounds); direct raster inspection pending"
231,f2211520a13e878a275546e6aa1519c1d0d32fb665caa224f95efe1dc566ce09,e9523f2b14ad999cb46335ee8ba5aa9df63eaccef3b3a27aca75adef79b230b2,GEOMETRY_HEURISTIC_ONLY,AUTOMATED_VALIDATOR,PENDING,,,"Rendered at 150 DPI; passed geometric AST preflight (margins, fonts, bounds); direct raster inspection pending"
232,f2211520a13e878a275546e6aa1519c1d0d32fb665caa224f95efe1dc566ce09,8cfe54f62c1eb737f9bc1c87cbcaea60ebb08e53524db9b29288552a72b8702f,GEOMETRY_HEURISTIC_ONLY,AUTOMATED_VALIDATOR,PENDING,,,"Rendered at 150 DPI; passed geometric AST preflight (margins, fonts, bounds); direct raster inspection pending"
233,f2211520a13e878a275546e6aa1519c1d0d32fb665caa224f95efe1dc566ce09,a0a29f22bfbf861625e9af8f80d44f8026a1e72be9311099fb11f3fa5ee1e529,GEOMETRY_HEURISTIC_ONLY,AUTOMATED_VALIDATOR,PENDING,,,"Rendered at 150 DPI; passed geometric AST preflight (margins, fonts, bounds); direct raster inspection pending"
234,f2211520a13e878a275546e6aa1519c1d0d32fb665caa224f95efe1dc566ce09,a1973ee43c5ae65a309a6e8ff47bdd4350dfe361f275ab92fa3990519cd22a67,GEOMETRY_HEURISTIC_ONLY,AUTOMATED_VALIDATOR,PENDING,,,"Rendered at 150 DPI; passed geometric AST preflight (margins, fonts, bounds); direct raster inspection pending"
235,f2211520a13e878a275546e6aa1519c1d0d32fb665caa224f95efe1dc566ce09,6343a140e98725b9ab4f7deda5c3e4051f5535d30ea94392768892b316b7a072,GEOMETRY_HEURISTIC_ONLY,AUTOMATED_VALIDATOR,PENDING,,,"Rendered at 150 DPI; passed geometric AST preflight (margins, fonts, bounds); direct raster inspection pending"
236,f2211520a13e878a275546e6aa1519c1d0d32fb665caa224f95efe1dc566ce09,e7997b73f169fa2aba26d50ca94b247f7321cffd3b31493d33188da3e2045e91,GEOMETRY_HEURISTIC_ONLY,AUTOMATED_VALIDATOR,PENDING,,,"Rendered at 150 DPI; passed geometric AST preflight (margins, fonts, bounds); direct raster inspection pending"
237,f2211520a13e878a275546e6aa1519c1d0d32fb665caa224f95efe1dc566ce09,2e6eb3c214fcb6101ace028eb4d0fac127628242dc6b9ebc138177278ec5c06b,GEOMETRY_HEURISTIC_ONLY,AUTOMATED_VALIDATOR,PENDING,,,"Rendered at 150 DPI; passed geometric AST preflight (margins, fonts, bounds); direct raster inspection pending"
238,f2211520a13e878a275546e6aa1519c1d0d32fb665caa224f95efe1dc566ce09,88a8e3de10b0e221bd534c25d678282936241b58ba08a4ef4ed7c9b1f34960a7,GEOMETRY_HEURISTIC_ONLY,AUTOMATED_VALIDATOR,PENDING,,,"Rendered at 150 DPI; passed geometric AST preflight (margins, fonts, bounds); direct raster inspection pending"
239,f2211520a13e878a275546e6aa1519c1d0d32fb665caa224f95efe1dc566ce09,2fd433fd3916573fbf697afdc9785de5e1610c8f618bbd45c149780a126fcd38,GEOMETRY_HEURISTIC_ONLY,AUTOMATED_VALIDATOR,PENDING,,,"Rendered at 150 DPI; passed geometric AST preflight (margins, fonts, bounds); direct raster inspection pending"
240,f2211520a13e878a275546e6aa1519c1d0d32fb665caa224f95efe1dc566ce09,5768eb76b30b229a766d7f4e275038066dae1404645911452c9149b1ee4e1adb,GEOMETRY_HEURISTIC_ONLY,AUTOMATED_VALIDATOR,PENDING,,,"Rendered at 150 DPI; passed geometric AST preflight (margins, fonts, bounds); direct raster inspection pending"
241,f2211520a13e878a275546e6aa1519c1d0d32fb665caa224f95efe1dc566ce09,82cc52e1f7441c60325cbe2f3c5ab86f51d50ad5093e364b3ca72119dfc33de3,GEOMETRY_HEURISTIC_ONLY,AUTOMATED_VALIDATOR,PENDING,,,"Rendered at 150 DPI; passed geometric AST preflight (margins, fonts, bounds); direct raster inspection pending"
242,f2211520a13e878a275546e6aa1519c1d0d32fb665caa224f95efe1dc566ce09,537a0d5872088c4708653a6194ee3e2661706f85a021fccc993df1000ab26e37,GEOMETRY_HEURISTIC_ONLY,AUTOMATED_VALIDATOR,PENDING,,,"Rendered at 150 DPI; passed geometric AST preflight (margins, fonts, bounds); direct raster inspection pending"
243,f2211520a13e878a275546e6aa1519c1d0d32fb665caa224f95efe1dc566ce09,7d8525433b3c37614af9e1a60cddfe5b10f841299ed95480467d7e0f951f82d7,GEOMETRY_HEURISTIC_ONLY,AUTOMATED_VALIDATOR,PENDING,,,"Rendered at 150 DPI; passed geometric AST preflight (margins, fonts, bounds); direct raster inspection pending"
244,f2211520a13e878a275546e6aa1519c1d0d32fb665caa224f95efe1dc566ce09,41bd76f1fdcde7687e9891a8b12409907f30295b0686bbc655c24b177e2c5564,GEOMETRY_HEURISTIC_ONLY,AUTOMATED_VALIDATOR,PENDING,,,"Rendered at 150 DPI; passed geometric AST preflight (margins, fonts, bounds); direct raster inspection pending"
245,f2211520a13e878a275546e6aa1519c1d0d32fb665caa224f95efe1dc566ce09,a2a8b74005a7500dfa26f0d9f322fa406a4a02e72c35e5adb90da090ca9e43c7,GEOMETRY_HEURISTIC_ONLY,AUTOMATED_VALIDATOR,PENDING,,,"Rendered at 150 DPI; passed geometric AST preflight (margins, fonts, bounds); direct raster inspection pending"
246,f2211520a13e878a275546e6aa1519c1d0d32fb665caa224f95efe1dc566ce09,69f8c141feae452103e5a03a441f78580b40318335e82b84dd9ddec8d89c9cae,GEOMETRY_HEURISTIC_ONLY,AUTOMATED_VALIDATOR,PENDING,,,"Rendered at 150 DPI; passed geometric AST preflight (margins, fonts, bounds); direct raster inspection pending"
247,f2211520a13e878a275546e6aa1519c1d0d32fb665caa224f95efe1dc566ce09,1197b2184c32c507aefa4eaec6659cfd5c9deb7edb31dc98f2a8c486a7b82ad8,GEOMETRY_HEURISTIC_ONLY,AUTOMATED_VALIDATOR,PENDING,,,"Rendered at 150 DPI; passed geometric AST preflight (margins, fonts, bounds); direct raster inspection pending"
248,f2211520a13e878a275546e6aa1519c1d0d32fb665caa224f95efe1dc566ce09,cf685d6d68114bd89e37095c3e772ea263ae0f9479cedbee48018b1948946ed0,GEOMETRY_HEURISTIC_ONLY,AUTOMATED_VALIDATOR,PENDING,,,"Rendered at 150 DPI; passed geometric AST preflight (margins, fonts, bounds); direct raster inspection pending"
249,f2211520a13e878a275546e6aa1519c1d0d32fb665caa224f95efe1dc566ce09,690d1578f7f6f1210226ab9a79743bc5ab65cad0e6efdf7b1c21ac95f104fd01,GEOMETRY_HEURISTIC_ONLY,AUTOMATED_VALIDATOR,PENDING,,,"Rendered at 150 DPI; passed geometric AST preflight (margins, fonts, bounds); direct raster inspection pending"
250,f2211520a13e878a275546e6aa1519c1d0d32fb665caa224f95efe1dc566ce09,bb8e6b23ee43f81d9399f85c8d70a73fcd56fcd134f624447bb56bbb6c0c65fd,GEOMETRY_HEURISTIC_ONLY,AUTOMATED_VALIDATOR,PENDING,,,"Rendered at 150 DPI; passed geometric AST preflight (margins, fonts, bounds); direct raster inspection pending"
251,f2211520a13e878a275546e6aa1519c1d0d32fb665caa224f95efe1dc566ce09,99e1e5cacc037f098dd8f3759155cdb04129fe229112747cd00d47418241fd56,GEOMETRY_HEURISTIC_ONLY,AUTOMATED_VALIDATOR,PENDING,,,"Rendered at 150 DPI; passed geometric AST preflight (margins, fonts, bounds); direct raster inspection pending"
252,f2211520a13e878a275546e6aa1519c1d0d32fb665caa224f95efe1dc566ce09,fbb7a32cbb379bb521762e861956dabdbea95736b49de1f7adac8160f7bd2998,GEOMETRY_HEURISTIC_ONLY,AUTOMATED_VALIDATOR,PENDING,,,"Rendered at 150 DPI; passed geometric AST preflight (margins, fonts, bounds); direct raster inspection pending"
253,f2211520a13e878a275546e6aa1519c1d0d32fb665caa224f95efe1dc566ce09,6215b22c512695294e90cf5eef42ea9dad8cda19afcb159c07db8b3e751d6074,GEOMETRY_HEURISTIC_ONLY,AUTOMATED_VALIDATOR,PENDING,,,"Rendered at 150 DPI; passed geometric AST preflight (margins, fonts, bounds); direct raster inspection pending"
254,f2211520a13e878a275546e6aa1519c1d0d32fb665caa224f95efe1dc566ce09,725778634f6981d6e8ce062ca5bbaf189d8f416cd8f4dbbb147423f9e2df09ab,GEOMETRY_HEURISTIC_ONLY,AUTOMATED_VALIDATOR,PENDING,,,"Rendered at 150 DPI; passed geometric AST preflight (margins, fonts, bounds); direct raster inspection pending"
255,f2211520a13e878a275546e6aa1519c1d0d32fb665caa224f95efe1dc566ce09,da1a0b3fd7e516e3533ef1d24c85d706caa3c210ade0a4894d3e88845a49fa40,GEOMETRY_HEURISTIC_ONLY,AUTOMATED_VALIDATOR,PENDING,,,"Rendered at 150 DPI; passed geometric AST preflight (margins, fonts, bounds); direct raster inspection pending"
256,f2211520a13e878a275546e6aa1519c1d0d32fb665caa224f95efe1dc566ce09,d80eb4af3f550784fda0e511fb4d2f08787681d05ca9d3b19b094eeacc2f1928,GEOMETRY_HEURISTIC_ONLY,AUTOMATED_VALIDATOR,PENDING,,,"Rendered at 150 DPI; passed geometric AST preflight (margins, fonts, bounds); direct raster inspection pending"
257,f2211520a13e878a275546e6aa1519c1d0d32fb665caa224f95efe1dc566ce09,27095511deef2f7ab8a2c7cdf693285f73888c2f4cb14d4d702f4acf27bc8c87,GEOMETRY_HEURISTIC_ONLY,AUTOMATED_VALIDATOR,PENDING,,,"Rendered at 150 DPI; passed geometric AST preflight (margins, fonts, bounds); direct raster inspection pending"
258,f2211520a13e878a275546e6aa1519c1d0d32fb665caa224f95efe1dc566ce09,9fa7c5dc9e9f080e997139eef93b1ea6b48c9b3c8c3f5d621f6477cff7eee1c7,GEOMETRY_HEURISTIC_ONLY,AUTOMATED_VALIDATOR,PENDING,,,"Rendered at 150 DPI; passed geometric AST preflight (margins, fonts, bounds); direct raster inspection pending"
259,f2211520a13e878a275546e6aa1519c1d0d32fb665caa224f95efe1dc566ce09,023a50203ac2fe1d601fef427d9021a998f2cdfc368504000092b5158b185160,GEOMETRY_HEURISTIC_ONLY,AUTOMATED_VALIDATOR,PENDING,,,"Rendered at 150 DPI; passed geometric AST preflight (margins, fonts, bounds); direct raster inspection pending"
260,f2211520a13e878a275546e6aa1519c1d0d32fb665caa224f95efe1dc566ce09,2c1d303e82d8c00b2008786353e06d76b513b97867d5b9dcc5493999a36f5f9b,GEOMETRY_HEURISTIC_ONLY,AUTOMATED_VALIDATOR,PENDING,,,"Rendered at 150 DPI; passed geometric AST preflight (margins, fonts, bounds); direct raster inspection pending"
261,f2211520a13e878a275546e6aa1519c1d0d32fb665caa224f95efe1dc566ce09,b559fde9ad91920b4c661965ee215479dcd48b42aea3506e43ef17b9799b4301,GEOMETRY_HEURISTIC_ONLY,AUTOMATED_VALIDATOR,PENDING,,,"Rendered at 150 DPI; passed geometric AST preflight (margins, fonts, bounds); direct raster inspection pending"
262,f2211520a13e878a275546e6aa1519c1d0d32fb665caa224f95efe1dc566ce09,2bcc4c346300c34c61aa17a7462ce86ae154bddb0512243dd3100052143c6e18,GEOMETRY_HEURISTIC_ONLY,AUTOMATED_VALIDATOR,PENDING,,,"Rendered at 150 DPI; passed geometric AST preflight (margins, fonts, bounds); direct raster inspection pending"
263,f2211520a13e878a275546e6aa1519c1d0d32fb665caa224f95efe1dc566ce09,8a0dd68b38ae9747170dc913cc654df3474f892784ac0ce5fad10b83e47ff49e,GEOMETRY_HEURISTIC_ONLY,AUTOMATED_VALIDATOR,PENDING,,,"Rendered at 150 DPI; passed geometric AST preflight (margins, fonts, bounds); direct raster inspection pending"
264,f2211520a13e878a275546e6aa1519c1d0d32fb665caa224f95efe1dc566ce09,00e0a5a55c87be63f3e8e8f20f06ff6fbb5038ea40debb33eaabd89d4153cf67,GEOMETRY_HEURISTIC_ONLY,AUTOMATED_VALIDATOR,PENDING,,,"Rendered at 150 DPI; passed geometric AST preflight (margins, fonts, bounds); direct raster inspection pending"
265,f2211520a13e878a275546e6aa1519c1d0d32fb665caa224f95efe1dc566ce09,302029515f79f71d079fa25d2e7a30b373c524d49d083730a5b074797deb1c88,GEOMETRY_HEURISTIC_ONLY,AUTOMATED_VALIDATOR,PENDING,,,"Rendered at 150 DPI; passed geometric AST preflight (margins, fonts, bounds); direct raster inspection pending"
266,f2211520a13e878a275546e6aa1519c1d0d32fb665caa224f95efe1dc566ce09,3bc2a2e834892b7d57c959751c28328981e31e83d7e006f1cd21e1b09b321ffe,GEOMETRY_HEURISTIC_ONLY,AUTOMATED_VALIDATOR,PENDING,,,"Rendered at 150 DPI; passed geometric AST preflight (margins, fonts, bounds); direct raster inspection pending"
267,f2211520a13e878a275546e6aa1519c1d0d32fb665caa224f95efe1dc566ce09,af02aaca1fb7c8e6048adfe196820a2471cd7ba0f9692c85cf251b35ce16d01c,GEOMETRY_HEURISTIC_ONLY,AUTOMATED_VALIDATOR,PENDING,,,"Rendered at 150 DPI; passed geometric AST preflight (margins, fonts, bounds); direct raster inspection pending"
268,f2211520a13e878a275546e6aa1519c1d0d32fb665caa224f95efe1dc566ce09,6b4c25dfaf0c9e95104beef5410a491b0a993387482d8f0ed8e15c6164de4679,GEOMETRY_HEURISTIC_ONLY,AUTOMATED_VALIDATOR,PENDING,,,"Rendered at 150 DPI; passed geometric AST preflight (margins, fonts, bounds); direct raster inspection pending"
269,f2211520a13e878a275546e6aa1519c1d0d32fb665caa224f95efe1dc566ce09,fc1206e4b0870c00f56393cc6a2c8d0c68cc656b49cdc2665fbe9d03e6105020,GEOMETRY_HEURISTIC_ONLY,AUTOMATED_VALIDATOR,PENDING,,,"Rendered at 150 DPI; passed geometric AST preflight (margins, fonts, bounds); direct raster inspection pending"
270,f2211520a13e878a275546e6aa1519c1d0d32fb665caa224f95efe1dc566ce09,cd81f2a43525d562ddd41fabd01a4086b1c95bf391b0135b6d598c673da7cf3e,GEOMETRY_HEURISTIC_ONLY,AUTOMATED_VALIDATOR,PENDING,,,"Rendered at 150 DPI; passed geometric AST preflight (margins, fonts, bounds); direct raster inspection pending"
271,f2211520a13e878a275546e6aa1519c1d0d32fb665caa224f95efe1dc566ce09,73cbc1092581df36904e4e44619a53a28380b53af98a5e9c9b5817d6678455c4,GEOMETRY_HEURISTIC_ONLY,AUTOMATED_VALIDATOR,PENDING,,,"Rendered at 150 DPI; passed geometric AST preflight (margins, fonts, bounds); direct raster inspection pending"
272,f2211520a13e878a275546e6aa1519c1d0d32fb665caa224f95efe1dc566ce09,1802de31ddde68ae7c51980e9b91d40c75e7c60e0d62443aa21cb5168d744560,GEOMETRY_HEURISTIC_ONLY,AUTOMATED_VALIDATOR,PENDING,,,"Rendered at 150 DPI; passed geometric AST preflight (margins, fonts, bounds); direct raster inspection pending"
273,f2211520a13e878a275546e6aa1519c1d0d32fb665caa224f95efe1dc566ce09,c7f5624846505d232b6d75615152df1dd2e6500e6f31ca02278d058245e282a6,GEOMETRY_HEURISTIC_ONLY,AUTOMATED_VALIDATOR,PENDING,,,"Rendered at 150 DPI; passed geometric AST preflight (margins, fonts, bounds); direct raster inspection pending"
274,f2211520a13e878a275546e6aa1519c1d0d32fb665caa224f95efe1dc566ce09,74a5d321c0620bd871502e99e759ea0928698a877d34982dd43106d2d3b9a9aa,GEOMETRY_HEURISTIC_ONLY,AUTOMATED_VALIDATOR,PENDING,,,"Rendered at 150 DPI; passed geometric AST preflight (margins, fonts, bounds); direct raster inspection pending"
275,f2211520a13e878a275546e6aa1519c1d0d32fb665caa224f95efe1dc566ce09,2f5926d86d2ec06024a2add51bbfed69b8aa59799ac674d9ee92c673d1d9a15c,GEOMETRY_HEURISTIC_ONLY,AUTOMATED_VALIDATOR,PENDING,,,"Rendered at 150 DPI; passed geometric AST preflight (margins, fonts, bounds); direct raster inspection pending"
276,f2211520a13e878a275546e6aa1519c1d0d32fb665caa224f95efe1dc566ce09,b987c8e7fbb764aa1dce99a72a735e480831633708771bf7846e4eee52f67e0a,GEOMETRY_HEURISTIC_ONLY,AUTOMATED_VALIDATOR,PENDING,,,"Rendered at 150 DPI; passed geometric AST preflight (margins, fonts, bounds); direct raster inspection pending"
277,f2211520a13e878a275546e6aa1519c1d0d32fb665caa224f95efe1dc566ce09,79785cc6d39894d62e0f96e0318ca1597e1aa94df5ad727d5947e19fd30c9d83,GEOMETRY_HEURISTIC_ONLY,AUTOMATED_VALIDATOR,PENDING,,,"Rendered at 150 DPI; passed geometric AST preflight (margins, fonts, bounds); direct raster inspection pending"
278,f2211520a13e878a275546e6aa1519c1d0d32fb665caa224f95efe1dc566ce09,8bb29b99178f9c324a818148012abc0fb4ad1c118dd246cb1f8c6ed01343cc63,GEOMETRY_HEURISTIC_ONLY,AUTOMATED_VALIDATOR,PENDING,,,"Rendered at 150 DPI; passed geometric AST preflight (margins, fonts, bounds); direct raster inspection pending"
279,f2211520a13e878a275546e6aa1519c1d0d32fb665caa224f95efe1dc566ce09,a324cd8f87f6e2e551c25ebec21ae1597c085d85b8f0ea1cf45251d2af9982a1,GEOMETRY_HEURISTIC_ONLY,AUTOMATED_VALIDATOR,PENDING,,,"Rendered at 150 DPI; passed geometric AST preflight (margins, fonts, bounds); direct raster inspection pending"
280,f2211520a13e878a275546e6aa1519c1d0d32fb665caa224f95efe1dc566ce09,ec87bcede259c5f93aef907e2a39cea38ff92ca62cef0dd40f8add600d3c4006,GEOMETRY_HEURISTIC_ONLY,AUTOMATED_VALIDATOR,PENDING,,,"Rendered at 150 DPI; passed geometric AST preflight (margins, fonts, bounds); direct raster inspection pending"
281,f2211520a13e878a275546e6aa1519c1d0d32fb665caa224f95efe1dc566ce09,a2333bd1a4755473333edaebf74c37a4641b9f2352fbc9374e043044835bde47,GEOMETRY_HEURISTIC_ONLY,AUTOMATED_VALIDATOR,PENDING,,,"Rendered at 150 DPI; passed geometric AST preflight (margins, fonts, bounds); direct raster inspection pending"
282,f2211520a13e878a275546e6aa1519c1d0d32fb665caa224f95efe1dc566ce09,cb5f0c614d4b056d38e1cca3e50f08548a73f58c3a84aa19c59cbcb4189ba503,GEOMETRY_HEURISTIC_ONLY,AUTOMATED_VALIDATOR,PENDING,,,"Rendered at 150 DPI; passed geometric AST preflight (margins, fonts, bounds); direct raster inspection pending"
283,f2211520a13e878a275546e6aa1519c1d0d32fb665caa224f95efe1dc566ce09,b7cafe50ce76445e1821ced295208fe9f5c37a214e9a87f9dc86b5f62f78561f,GEOMETRY_HEURISTIC_ONLY,AUTOMATED_VALIDATOR,PENDING,,,"Rendered at 150 DPI; passed geometric AST preflight (margins, fonts, bounds); direct raster inspection pending"
284,f2211520a13e878a275546e6aa1519c1d0d32fb665caa224f95efe1dc566ce09,b2d2d697c0a0f34a9de0be02da00f47bdf6e350c416cd937cecaaa45d8dc51b1,GEOMETRY_HEURISTIC_ONLY,AUTOMATED_VALIDATOR,PENDING,,,"Rendered at 150 DPI; passed geometric AST preflight (margins, fonts, bounds); direct raster inspection pending"
285,f2211520a13e878a275546e6aa1519c1d0d32fb665caa224f95efe1dc566ce09,bea94569f60b5e631562f8bd608710cd7f14629d166d0a79045b67853744f5b9,GEOMETRY_HEURISTIC_ONLY,AUTOMATED_VALIDATOR,PENDING,,,"Rendered at 150 DPI; passed geometric AST preflight (margins, fonts, bounds); direct raster inspection pending"
286,f2211520a13e878a275546e6aa1519c1d0d32fb665caa224f95efe1dc566ce09,6f2acd3a20ee276743142a89e359807368a4e6ee4ccdb3f06c361f97994145d8,GEOMETRY_HEURISTIC_ONLY,AUTOMATED_VALIDATOR,PENDING,,,"Rendered at 150 DPI; passed geometric AST preflight (margins, fonts, bounds); direct raster inspection pending"
287,f2211520a13e878a275546e6aa1519c1d0d32fb665caa224f95efe1dc566ce09,9920c275b238f7982465ee552951d3d3c687f0ae831d205f313216dfd7d906b4,GEOMETRY_HEURISTIC_ONLY,AUTOMATED_VALIDATOR,PENDING,,,"Rendered at 150 DPI; passed geometric AST preflight (margins, fonts, bounds); direct raster inspection pending"
288,f2211520a13e878a275546e6aa1519c1d0d32fb665caa224f95efe1dc566ce09,75d589bf6ff117f5aa2ea0096edf7d940bb492b2d41fcc693a8d2d2d3b251b26,GEOMETRY_HEURISTIC_ONLY,AUTOMATED_VALIDATOR,PENDING,,,"Rendered at 150 DPI; passed geometric AST preflight (margins, fonts, bounds); direct raster inspection pending"
289,f2211520a13e878a275546e6aa1519c1d0d32fb665caa224f95efe1dc566ce09,dec216231e2bc0a811776fbbe2c63cb1a06cfbebd43eb7b7dd5312e8fcea2dc2,GEOMETRY_HEURISTIC_ONLY,AUTOMATED_VALIDATOR,PENDING,,,"Rendered at 150 DPI; passed geometric AST preflight (margins, fonts, bounds); direct raster inspection pending"
290,f2211520a13e878a275546e6aa1519c1d0d32fb665caa224f95efe1dc566ce09,58b2cb92f8832bd8373278e932c34e7fc0cbc90b8efc3e81dccc9a907bd2eb9d,GEOMETRY_HEURISTIC_ONLY,AUTOMATED_VALIDATOR,PENDING,,,"Rendered at 150 DPI; passed geometric AST preflight (margins, fonts, bounds); direct raster inspection pending"
291,f2211520a13e878a275546e6aa1519c1d0d32fb665caa224f95efe1dc566ce09,54c3591351632895f07f8bdd18ae19cf7066143b1b0af99ec1d67c9f89bd8be0,GEOMETRY_HEURISTIC_ONLY,AUTOMATED_VALIDATOR,PENDING,,,"Rendered at 150 DPI; passed geometric AST preflight (margins, fonts, bounds); direct raster inspection pending"
292,f2211520a13e878a275546e6aa1519c1d0d32fb665caa224f95efe1dc566ce09,9f04b29b0f1181d7c55c280facf2d4a224f81781919ac73da36dbb4db13e3310,GEOMETRY_HEURISTIC_ONLY,AUTOMATED_VALIDATOR,PENDING,,,"Rendered at 150 DPI; passed geometric AST preflight (margins, fonts, bounds); direct raster inspection pending"
293,f2211520a13e878a275546e6aa1519c1d0d32fb665caa224f95efe1dc566ce09,046f7874792e5c2ee298812570670facae8ab553fd8aaf24412ca34bdc1bfc67,GEOMETRY_HEURISTIC_ONLY,AUTOMATED_VALIDATOR,PENDING,,,"Rendered at 150 DPI; passed geometric AST preflight (margins, fonts, bounds); direct raster inspection pending"
294,f2211520a13e878a275546e6aa1519c1d0d32fb665caa224f95efe1dc566ce09,658839a651ada529d978d52793087de88163b2f70afeae72feb50caf69bb0c09,GEOMETRY_HEURISTIC_ONLY,AUTOMATED_VALIDATOR,PENDING,,,"Rendered at 150 DPI; passed geometric AST preflight (margins, fonts, bounds); direct raster inspection pending"
295,f2211520a13e878a275546e6aa1519c1d0d32fb665caa224f95efe1dc566ce09,164980c68c6846eb52386ed350f0a59a263830876a06333abdc670cb73ad2779,GEOMETRY_HEURISTIC_ONLY,AUTOMATED_VALIDATOR,PENDING,,,"Rendered at 150 DPI; passed geometric AST preflight (margins, fonts, bounds); direct raster inspection pending"
296,f2211520a13e878a275546e6aa1519c1d0d32fb665caa224f95efe1dc566ce09,387a82592592eaf79b9f219d42e18263b19f15be083033f6d18d9fd15d13f4b5,GEOMETRY_HEURISTIC_ONLY,AUTOMATED_VALIDATOR,PENDING,,,"Rendered at 150 DPI; passed geometric AST preflight (margins, fonts, bounds); direct raster inspection pending"
297,f2211520a13e878a275546e6aa1519c1d0d32fb665caa224f95efe1dc566ce09,8996c1ce364f1dfc46835bd5b51b2c7be59a6b9ccc9c25131d2c848690501fde,GEOMETRY_HEURISTIC_ONLY,AUTOMATED_VALIDATOR,PENDING,,,"Rendered at 150 DPI; passed geometric AST preflight (margins, fonts, bounds); direct raster inspection pending"
298,f2211520a13e878a275546e6aa1519c1d0d32fb665caa224f95efe1dc566ce09,5ed4d790976c6018d5e1477c7ab82c7be7ed6682a4c261b24d4aea1ed7290a51,GEOMETRY_HEURISTIC_ONLY,AUTOMATED_VALIDATOR,PENDING,,,"Rendered at 150 DPI; passed geometric AST preflight (margins, fonts, bounds); direct raster inspection pending"
299,f2211520a13e878a275546e6aa1519c1d0d32fb665caa224f95efe1dc566ce09,1f8dbf41bb0c11dae826964ef2fc9c1f68e38e7123338cd52fa19a5421b401d2,GEOMETRY_HEURISTIC_ONLY,AUTOMATED_VALIDATOR,PENDING,,,"Rendered at 150 DPI; passed geometric AST preflight (margins, fonts, bounds); direct raster inspection pending"
300,f2211520a13e878a275546e6aa1519c1d0d32fb665caa224f95efe1dc566ce09,7d9bdeb302da6b15895d9e90437c531c3c1a8ac8f0f26471973d33e45b8bef0c,GEOMETRY_HEURISTIC_ONLY,AUTOMATED_VALIDATOR,PENDING,,,"Rendered at 150 DPI; passed geometric AST preflight (margins, fonts, bounds); direct raster inspection pending"
301,f2211520a13e878a275546e6aa1519c1d0d32fb665caa224f95efe1dc566ce09,7053477bef4da50feec635d80c43fefdb99f0bf8259a4c9f0aa3e86825b19466,GEOMETRY_HEURISTIC_ONLY,AUTOMATED_VALIDATOR,PENDING,,,"Rendered at 150 DPI; passed geometric AST preflight (margins, fonts, bounds); direct raster inspection pending"
302,f2211520a13e878a275546e6aa1519c1d0d32fb665caa224f95efe1dc566ce09,a023c72b72c8c4d4c1351f1179dd7bda48110ed469e2c2474813a80bb2bebd3c,GEOMETRY_HEURISTIC_ONLY,AUTOMATED_VALIDATOR,PENDING,,,"Rendered at 150 DPI; passed geometric AST preflight (margins, fonts, bounds); direct raster inspection pending"
303,f2211520a13e878a275546e6aa1519c1d0d32fb665caa224f95efe1dc566ce09,74b92b8895e4ed3bf62b4166c159df88c8b688a1a3e99fc865f3c9a5834d6844,GEOMETRY_HEURISTIC_ONLY,AUTOMATED_VALIDATOR,PENDING,,,"Rendered at 150 DPI; passed geometric AST preflight (margins, fonts, bounds); direct raster inspection pending"
304,f2211520a13e878a275546e6aa1519c1d0d32fb665caa224f95efe1dc566ce09,bef3bb71380a6b694cb712ea6104df6d274f0c3b1394ff6c5529432eb7307132,GEOMETRY_HEURISTIC_ONLY,AUTOMATED_VALIDATOR,PENDING,,,"Rendered at 150 DPI; passed geometric AST preflight (margins, fonts, bounds); direct raster inspection pending"
305,f2211520a13e878a275546e6aa1519c1d0d32fb665caa224f95efe1dc566ce09,be9f36c60c60df3d59b04fd39095950c4b9d6e18a358d9c2be96082cd519da19,GEOMETRY_HEURISTIC_ONLY,AUTOMATED_VALIDATOR,PENDING,,,"Rendered at 150 DPI; passed geometric AST preflight (margins, fonts, bounds); direct raster inspection pending"
306,f2211520a13e878a275546e6aa1519c1d0d32fb665caa224f95efe1dc566ce09,48f00e12f954c6a460059a0583a5d7d8c45dd3c828767c428ffa716951f6147d,GEOMETRY_HEURISTIC_ONLY,AUTOMATED_VALIDATOR,PENDING,,,"Rendered at 150 DPI; passed geometric AST preflight (margins, fonts, bounds); direct raster inspection pending"
307,f2211520a13e878a275546e6aa1519c1d0d32fb665caa224f95efe1dc566ce09,66d373e6a8179280ce2d3dbeebaf2144c0c74042442f0b97e9dac1b81fa5d528,GEOMETRY_HEURISTIC_ONLY,AUTOMATED_VALIDATOR,PENDING,,,"Rendered at 150 DPI; passed geometric AST preflight (margins, fonts, bounds); direct raster inspection pending"
308,f2211520a13e878a275546e6aa1519c1d0d32fb665caa224f95efe1dc566ce09,b1d4764cd468352aa84c6167d2bb335a124d8c332fc22829e5456baa31be3533,GEOMETRY_HEURISTIC_ONLY,AUTOMATED_VALIDATOR,PENDING,,,"Rendered at 150 DPI; passed geometric AST preflight (margins, fonts, bounds); direct raster inspection pending"
309,f2211520a13e878a275546e6aa1519c1d0d32fb665caa224f95efe1dc566ce09,8baf478069a2983ff950a941edee13999e64814a5ff2851ed5cd97aed896b19a,GEOMETRY_HEURISTIC_ONLY,AUTOMATED_VALIDATOR,PENDING,,,"Rendered at 150 DPI; passed geometric AST preflight (margins, fonts, bounds); direct raster inspection pending"
310,f2211520a13e878a275546e6aa1519c1d0d32fb665caa224f95efe1dc566ce09,4f7cd3918095f2cd31207f951152c394dd2c8f10fb139002358895dae91d2a71,GEOMETRY_HEURISTIC_ONLY,AUTOMATED_VALIDATOR,PENDING,,,"Rendered at 150 DPI; passed geometric AST preflight (margins, fonts, bounds); direct raster inspection pending"
311,f2211520a13e878a275546e6aa1519c1d0d32fb665caa224f95efe1dc566ce09,60bf89b970ac7ed5f3f7efc1b80354288317924243ee7fbc4009ecddd696d851,GEOMETRY_HEURISTIC_ONLY,AUTOMATED_VALIDATOR,PENDING,,,"Rendered at 150 DPI; passed geometric AST preflight (margins, fonts, bounds); direct raster inspection pending"
312,f2211520a13e878a275546e6aa1519c1d0d32fb665caa224f95efe1dc566ce09,b759f33d62d65d165ce6a368bee2a5c508d576ad862b0f93740b3e69b58d8f80,GEOMETRY_HEURISTIC_ONLY,AUTOMATED_VALIDATOR,PENDING,,,"Rendered at 150 DPI; passed geometric AST preflight (margins, fonts, bounds); direct raster inspection pending"
313,f2211520a13e878a275546e6aa1519c1d0d32fb665caa224f95efe1dc566ce09,73c39de5bbcbed0ee7aeb583f20f99404e9831ce256fabacaf5cb8064263de5e,GEOMETRY_HEURISTIC_ONLY,AUTOMATED_VALIDATOR,PENDING,,,"Rendered at 150 DPI; passed geometric AST preflight (margins, fonts, bounds); direct raster inspection pending"
314,f2211520a13e878a275546e6aa1519c1d0d32fb665caa224f95efe1dc566ce09,ecccbb9c7fbe824841137f34dc0a7632f01c6cb705db5fa0716028839d692aa8,GEOMETRY_HEURISTIC_ONLY,AUTOMATED_VALIDATOR,PENDING,,,"Rendered at 150 DPI; passed geometric AST preflight (margins, fonts, bounds); direct raster inspection pending"
315,f2211520a13e878a275546e6aa1519c1d0d32fb665caa224f95efe1dc566ce09,5fbd959a3b5fd0a75846707433716fc92781815f0743a081639c453dd02c2c2b,GEOMETRY_HEURISTIC_ONLY,AUTOMATED_VALIDATOR,PENDING,,,"Rendered at 150 DPI; passed geometric AST preflight (margins, fonts, bounds); direct raster inspection pending"
316,f2211520a13e878a275546e6aa1519c1d0d32fb665caa224f95efe1dc566ce09,0f5c2e04ffc6226fefe0b76f3d536be99af167187f61119d99251d534af296bf,GEOMETRY_HEURISTIC_ONLY,AUTOMATED_VALIDATOR,PENDING,,,"Rendered at 150 DPI; passed geometric AST preflight (margins, fonts, bounds); direct raster inspection pending"
317,f2211520a13e878a275546e6aa1519c1d0d32fb665caa224f95efe1dc566ce09,749604e7d219afe7a7648e7c93d9bcdb9a5fca13d8ca1ba393a249b5b76dc5db,GEOMETRY_HEURISTIC_ONLY,AUTOMATED_VALIDATOR,PENDING,,,"Rendered at 150 DPI; passed geometric AST preflight (margins, fonts, bounds); direct raster inspection pending"
318,f2211520a13e878a275546e6aa1519c1d0d32fb665caa224f95efe1dc566ce09,bb41ea950ee441b4fcf04c3c1e30619b8651b14da758eb344473f10cb1b33f1c,GEOMETRY_HEURISTIC_ONLY,AUTOMATED_VALIDATOR,PENDING,,,"Rendered at 150 DPI; passed geometric AST preflight (margins, fonts, bounds); direct raster inspection pending"
319,f2211520a13e878a275546e6aa1519c1d0d32fb665caa224f95efe1dc566ce09,519ec53ed54c49d8b07f053aae15c09974f11c9633ce7bc2ba263820afca1865,GEOMETRY_HEURISTIC_ONLY,AUTOMATED_VALIDATOR,PENDING,,,"Rendered at 150 DPI; passed geometric AST preflight (margins, fonts, bounds); direct raster inspection pending"
320,f2211520a13e878a275546e6aa1519c1d0d32fb665caa224f95efe1dc566ce09,3bb3f35297149562634471aaaf8620bd98ac78ef2ac9c1f85b77794f593d2df4,GEOMETRY_HEURISTIC_ONLY,AUTOMATED_VALIDATOR,PENDING,,,"Rendered at 150 DPI; passed geometric AST preflight (margins, fonts, bounds); direct raster inspection pending"
321,f2211520a13e878a275546e6aa1519c1d0d32fb665caa224f95efe1dc566ce09,f002bdf618dc56c5aaaa7753f8b88374a65c445eeb0838cf524fd5c383423072,GEOMETRY_HEURISTIC_ONLY,AUTOMATED_VALIDATOR,PENDING,,,"Rendered at 150 DPI; passed geometric AST preflight (margins, fonts, bounds); direct raster inspection pending"
322,f2211520a13e878a275546e6aa1519c1d0d32fb665caa224f95efe1dc566ce09,440c5bda2ea74fccc1e4f0333cc9a9cb2ff56ee245cfe29f11be40023ffaef5c,RASTER_IMAGE_INSPECTION,VISION_MODEL,PASS,2026-10-08T07:05:00Z,,"Ch24 Opener: Chapter title, bold callout box, prose AWS SDK v2 temporary credentials, folio 322"
323,f2211520a13e878a275546e6aa1519c1d0d32fb665caa224f95efe1dc566ce09,4b5f2cc7be5ca8bbcbdeb944064a807504c18855658c5b2c3041a6639258c33b,GEOMETRY_HEURISTIC_ONLY,AUTOMATED_VALIDATOR,PENDING,,,"Rendered at 150 DPI; passed geometric AST preflight (margins, fonts, bounds); direct raster inspection pending"
324,f2211520a13e878a275546e6aa1519c1d0d32fb665caa224f95efe1dc566ce09,b384aeabe2195cc5771da5e6183a4422bf205ade8f310ffe5ff098034a1a6527,GEOMETRY_HEURISTIC_ONLY,AUTOMATED_VALIDATOR,PENDING,,,"Rendered at 150 DPI; passed geometric AST preflight (margins, fonts, bounds); direct raster inspection pending"
325,f2211520a13e878a275546e6aa1519c1d0d32fb665caa224f95efe1dc566ce09,ba89811ee5aea671e99a778c1cc58e69a61582438019c23cd49a14c6306c7108,GEOMETRY_HEURISTIC_ONLY,AUTOMATED_VALIDATOR,PENDING,,,"Rendered at 150 DPI; passed geometric AST preflight (margins, fonts, bounds); direct raster inspection pending"
326,f2211520a13e878a275546e6aa1519c1d0d32fb665caa224f95efe1dc566ce09,0242c611668937ed79f5e193f01721c08a0c432735ba60a7605a77f77c0eb3e1,GEOMETRY_HEURISTIC_ONLY,AUTOMATED_VALIDATOR,PENDING,,,"Rendered at 150 DPI; passed geometric AST preflight (margins, fonts, bounds); direct raster inspection pending"
327,f2211520a13e878a275546e6aa1519c1d0d32fb665caa224f95efe1dc566ce09,49dd2d441548ccb3a108f5f2c61395b91ec932b7b6324ca03398714b79079887,GEOMETRY_HEURISTIC_ONLY,AUTOMATED_VALIDATOR,PENDING,,,"Rendered at 150 DPI; passed geometric AST preflight (margins, fonts, bounds); direct raster inspection pending"
328,f2211520a13e878a275546e6aa1519c1d0d32fb665caa224f95efe1dc566ce09,762599a717d63924f47fdc0b145149b70c721ba4793b09fe0612627b1047187a,GEOMETRY_HEURISTIC_ONLY,AUTOMATED_VALIDATOR,PENDING,,,"Rendered at 150 DPI; passed geometric AST preflight (margins, fonts, bounds); direct raster inspection pending"
329,f2211520a13e878a275546e6aa1519c1d0d32fb665caa224f95efe1dc566ce09,570210bfa58cac134f750bb708381f4c6e75634dc1a5cb8c47b47926a7168aaf,GEOMETRY_HEURISTIC_ONLY,AUTOMATED_VALIDATOR,PENDING,,,"Rendered at 150 DPI; passed geometric AST preflight (margins, fonts, bounds); direct raster inspection pending"
330,f2211520a13e878a275546e6aa1519c1d0d32fb665caa224f95efe1dc566ce09,05ce1c78977548d2c92010ab111d141fcb7f25734fe5918d107ed72ca34c033e,GEOMETRY_HEURISTIC_ONLY,AUTOMATED_VALIDATOR,PENDING,,,"Rendered at 150 DPI; passed geometric AST preflight (margins, fonts, bounds); direct raster inspection pending"
331,f2211520a13e878a275546e6aa1519c1d0d32fb665caa224f95efe1dc566ce09,4a30f41583bef4f3570b921ad88817de76c7e90f6c6bfadfa5c14c12393bb086,GEOMETRY_HEURISTIC_ONLY,AUTOMATED_VALIDATOR,PENDING,,,"Rendered at 150 DPI; passed geometric AST preflight (margins, fonts, bounds); direct raster inspection pending"
332,f2211520a13e878a275546e6aa1519c1d0d32fb665caa224f95efe1dc566ce09,d7406fb8d923bda4d935a283ca0d39da8d8f1da0c8d46582ace6b9d8f9f031c8,GEOMETRY_HEURISTIC_ONLY,AUTOMATED_VALIDATOR,PENDING,,,"Rendered at 150 DPI; passed geometric AST preflight (margins, fonts, bounds); direct raster inspection pending"
333,f2211520a13e878a275546e6aa1519c1d0d32fb665caa224f95efe1dc566ce09,277b9a3fc210a4923e6f8d332bc8a38a72e8426d479cdfcdc442e80151072ea9,GEOMETRY_HEURISTIC_ONLY,AUTOMATED_VALIDATOR,PENDING,,,"Rendered at 150 DPI; passed geometric AST preflight (margins, fonts, bounds); direct raster inspection pending"
334,f2211520a13e878a275546e6aa1519c1d0d32fb665caa224f95efe1dc566ce09,2d49cfbbdb45abffa18236ab7f4625a057966b0872fe70f4c8547d517851d4e5,GEOMETRY_HEURISTIC_ONLY,AUTOMATED_VALIDATOR,PENDING,,,"Rendered at 150 DPI; passed geometric AST preflight (margins, fonts, bounds); direct raster inspection pending"
335,f2211520a13e878a275546e6aa1519c1d0d32fb665caa224f95efe1dc566ce09,5cfd8f530ee21001a17ef79a9c85d105dff3a75175a491bceec40d1caed599e5,GEOMETRY_HEURISTIC_ONLY,AUTOMATED_VALIDATOR,PENDING,,,"Rendered at 150 DPI; passed geometric AST preflight (margins, fonts, bounds); direct raster inspection pending"
336,f2211520a13e878a275546e6aa1519c1d0d32fb665caa224f95efe1dc566ce09,edc20205f5a6940559f61b208e304e820099f243453a78a6e69ce1c3872524c7,GEOMETRY_HEURISTIC_ONLY,AUTOMATED_VALIDATOR,PENDING,,,"Rendered at 150 DPI; passed geometric AST preflight (margins, fonts, bounds); direct raster inspection pending"
337,f2211520a13e878a275546e6aa1519c1d0d32fb665caa224f95efe1dc566ce09,befe0782b1ea5ce6c43d90d3094e924518c96e157ef8c64419cf060276e75884,GEOMETRY_HEURISTIC_ONLY,AUTOMATED_VALIDATOR,PENDING,,,"Rendered at 150 DPI; passed geometric AST preflight (margins, fonts, bounds); direct raster inspection pending"
338,f2211520a13e878a275546e6aa1519c1d0d32fb665caa224f95efe1dc566ce09,71f65f81842f7aefb07420bc0ffbd56a8e0cc3d67a1e0cada0a5cea130fe525f,GEOMETRY_HEURISTIC_ONLY,AUTOMATED_VALIDATOR,PENDING,,,"Rendered at 150 DPI; passed geometric AST preflight (margins, fonts, bounds); direct raster inspection pending"
339,f2211520a13e878a275546e6aa1519c1d0d32fb665caa224f95efe1dc566ce09,ea4d8de05eb7ea966a998eba48fd18e9b21b0c29bfc2e06601de1f19bc377136,GEOMETRY_HEURISTIC_ONLY,AUTOMATED_VALIDATOR,PENDING,,,"Rendered at 150 DPI; passed geometric AST preflight (margins, fonts, bounds); direct raster inspection pending"
340,f2211520a13e878a275546e6aa1519c1d0d32fb665caa224f95efe1dc566ce09,14e57c19334fffe37fa171341efa8d92434a4ba83e096cf2513c820ca98c4735,GEOMETRY_HEURISTIC_ONLY,AUTOMATED_VALIDATOR,PENDING,,,"Rendered at 150 DPI; passed geometric AST preflight (margins, fonts, bounds); direct raster inspection pending"
341,f2211520a13e878a275546e6aa1519c1d0d32fb665caa224f95efe1dc566ce09,2ad00c60a500c28ce24572cc2177cdeab73192715e2bef699b7fd814192b58c5,GEOMETRY_HEURISTIC_ONLY,AUTOMATED_VALIDATOR,PENDING,,,"Rendered at 150 DPI; passed geometric AST preflight (margins, fonts, bounds); direct raster inspection pending"
342,f2211520a13e878a275546e6aa1519c1d0d32fb665caa224f95efe1dc566ce09,327d46627e5080d402ac3dc3d7cdbc5bcf454e4325787f7dd411b4859c54647c,GEOMETRY_HEURISTIC_ONLY,AUTOMATED_VALIDATOR,PENDING,,,"Rendered at 150 DPI; passed geometric AST preflight (margins, fonts, bounds); direct raster inspection pending"
343,f2211520a13e878a275546e6aa1519c1d0d32fb665caa224f95efe1dc566ce09,051e6db54994f2630e7482098f0c543362439002cac7ce797bcbbcec01a81217,GEOMETRY_HEURISTIC_ONLY,AUTOMATED_VALIDATOR,PENDING,,,"Rendered at 150 DPI; passed geometric AST preflight (margins, fonts, bounds); direct raster inspection pending"
344,f2211520a13e878a275546e6aa1519c1d0d32fb665caa224f95efe1dc566ce09,0a7fd3f9d859e82250bfa2967b6e134bb8778347362048f46839c43ba96a55d2,GEOMETRY_HEURISTIC_ONLY,AUTOMATED_VALIDATOR,PENDING,,,"Rendered at 150 DPI; passed geometric AST preflight (margins, fonts, bounds); direct raster inspection pending"
345,f2211520a13e878a275546e6aa1519c1d0d32fb665caa224f95efe1dc566ce09,f2c8442a2ca602c0a67add8c79eebaad5439964c29913cf1af97c86319b0f291,GEOMETRY_HEURISTIC_ONLY,AUTOMATED_VALIDATOR,PENDING,,,"Rendered at 150 DPI; passed geometric AST preflight (margins, fonts, bounds); direct raster inspection pending"
346,f2211520a13e878a275546e6aa1519c1d0d32fb665caa224f95efe1dc566ce09,6ec1327d933a673245b5a25af09b59efb2c234b24a5729049f170bcd2cf677b8,GEOMETRY_HEURISTIC_ONLY,AUTOMATED_VALIDATOR,PENDING,,,"Rendered at 150 DPI; passed geometric AST preflight (margins, fonts, bounds); direct raster inspection pending"
347,f2211520a13e878a275546e6aa1519c1d0d32fb665caa224f95efe1dc566ce09,ce95ef412a0a8f065663e5a008516101daa09f1683c4ad100d51d988aece4004,GEOMETRY_HEURISTIC_ONLY,AUTOMATED_VALIDATOR,PENDING,,,"Rendered at 150 DPI; passed geometric AST preflight (margins, fonts, bounds); direct raster inspection pending"
348,f2211520a13e878a275546e6aa1519c1d0d32fb665caa224f95efe1dc566ce09,2530ac3c3225aac518211064607f7a2e7735dbae9de7f4570630fe1c5f556dee,GEOMETRY_HEURISTIC_ONLY,AUTOMATED_VALIDATOR,PENDING,,,"Rendered at 150 DPI; passed geometric AST preflight (margins, fonts, bounds); direct raster inspection pending"
349,f2211520a13e878a275546e6aa1519c1d0d32fb665caa224f95efe1dc566ce09,11196c36084940366efbcb685bc9c29f9fe07f9737ec06b188e120b45d3a07d4,GEOMETRY_HEURISTIC_ONLY,AUTOMATED_VALIDATOR,PENDING,,,"Rendered at 150 DPI; passed geometric AST preflight (margins, fonts, bounds); direct raster inspection pending"
350,f2211520a13e878a275546e6aa1519c1d0d32fb665caa224f95efe1dc566ce09,8fbd7341a5afdd826e04d0d79f6f11017ae72eec3aeb31d8db3c36c08fa69ced,GEOMETRY_HEURISTIC_ONLY,AUTOMATED_VALIDATOR,PENDING,,,"Rendered at 150 DPI; passed geometric AST preflight (margins, fonts, bounds); direct raster inspection pending"
351,f2211520a13e878a275546e6aa1519c1d0d32fb665caa224f95efe1dc566ce09,bb18762d5987e670ae20e3b5d819dcb6310abfbaeae693f63130fba8efb491c9,GEOMETRY_HEURISTIC_ONLY,AUTOMATED_VALIDATOR,PENDING,,,"Rendered at 150 DPI; passed geometric AST preflight (margins, fonts, bounds); direct raster inspection pending"
352,f2211520a13e878a275546e6aa1519c1d0d32fb665caa224f95efe1dc566ce09,b3ed2687bdcc3ace399fa448612d27dd0cd140bb3f288bd16d47261922d761ac,GEOMETRY_HEURISTIC_ONLY,AUTOMATED_VALIDATOR,PENDING,,,"Rendered at 150 DPI; passed geometric AST preflight (margins, fonts, bounds); direct raster inspection pending"
353,f2211520a13e878a275546e6aa1519c1d0d32fb665caa224f95efe1dc566ce09,2550a7ef4f348d0fe133c119e05901d67e35e8dcf937a762a8ff0c4187ea3a77,GEOMETRY_HEURISTIC_ONLY,AUTOMATED_VALIDATOR,PENDING,,,"Rendered at 150 DPI; passed geometric AST preflight (margins, fonts, bounds); direct raster inspection pending"
354,f2211520a13e878a275546e6aa1519c1d0d32fb665caa224f95efe1dc566ce09,01d1d8b715be6c72c0306e587f92b4ebfde73bc082362da2ba7448f7a81a1d82,GEOMETRY_HEURISTIC_ONLY,AUTOMATED_VALIDATOR,PENDING,,,"Rendered at 150 DPI; passed geometric AST preflight (margins, fonts, bounds); direct raster inspection pending"
355,f2211520a13e878a275546e6aa1519c1d0d32fb665caa224f95efe1dc566ce09,a380181d6248a6f7720c7fcb889d192763dda3ce947930a1532e5f920bf80e6d,GEOMETRY_HEURISTIC_ONLY,AUTOMATED_VALIDATOR,PENDING,,,"Rendered at 150 DPI; passed geometric AST preflight (margins, fonts, bounds); direct raster inspection pending"
356,f2211520a13e878a275546e6aa1519c1d0d32fb665caa224f95efe1dc566ce09,7e30e93cf67a60d73ea344b9f822af7b808d29ef3652d8fed42f11d66cacaa5a,GEOMETRY_HEURISTIC_ONLY,AUTOMATED_VALIDATOR,PENDING,,,"Rendered at 150 DPI; passed geometric AST preflight (margins, fonts, bounds); direct raster inspection pending"
357,f2211520a13e878a275546e6aa1519c1d0d32fb665caa224f95efe1dc566ce09,c0e92b27541a8979e314b8262f1f4ccf7c1355db889811a79d303b6b088e3dde,GEOMETRY_HEURISTIC_ONLY,AUTOMATED_VALIDATOR,PENDING,,,"Rendered at 150 DPI; passed geometric AST preflight (margins, fonts, bounds); direct raster inspection pending"
358,f2211520a13e878a275546e6aa1519c1d0d32fb665caa224f95efe1dc566ce09,e2bf3628604dc46fd636ec0133e64c79c7d4bdb8cd00ebb91992f3e42c9a0c51,GEOMETRY_HEURISTIC_ONLY,AUTOMATED_VALIDATOR,PENDING,,,"Rendered at 150 DPI; passed geometric AST preflight (margins, fonts, bounds); direct raster inspection pending"
359,f2211520a13e878a275546e6aa1519c1d0d32fb665caa224f95efe1dc566ce09,00a31f2bccdcdb2828fdf0720b3357991b47e4585a0bd230235da64366b46693,GEOMETRY_HEURISTIC_ONLY,AUTOMATED_VALIDATOR,PENDING,,,"Rendered at 150 DPI; passed geometric AST preflight (margins, fonts, bounds); direct raster inspection pending"
360,f2211520a13e878a275546e6aa1519c1d0d32fb665caa224f95efe1dc566ce09,1a85db5c911af21aa32c861e9a9c0ac47d43ac0a7f8744e1a82eb1b30c51d89e,GEOMETRY_HEURISTIC_ONLY,AUTOMATED_VALIDATOR,PENDING,,,"Rendered at 150 DPI; passed geometric AST preflight (margins, fonts, bounds); direct raster inspection pending"
361,f2211520a13e878a275546e6aa1519c1d0d32fb665caa224f95efe1dc566ce09,36b01c93bf91d1604ff1b4696dec93fd13436aa04715f4a5e8b5e1a429df2837,GEOMETRY_HEURISTIC_ONLY,AUTOMATED_VALIDATOR,PENDING,,,"Rendered at 150 DPI; passed geometric AST preflight (margins, fonts, bounds); direct raster inspection pending"
362,f2211520a13e878a275546e6aa1519c1d0d32fb665caa224f95efe1dc566ce09,05dcbd8b06de6b3ab827b44fb769f566ba1ecdff7562893c5a773087f555c026,GEOMETRY_HEURISTIC_ONLY,AUTOMATED_VALIDATOR,PENDING,,,"Rendered at 150 DPI; passed geometric AST preflight (margins, fonts, bounds); direct raster inspection pending"
363,f2211520a13e878a275546e6aa1519c1d0d32fb665caa224f95efe1dc566ce09,101fa9fb18f072aabf2464e31b8f7253c4ad882cda37f7ad04502403572c4a1a,GEOMETRY_HEURISTIC_ONLY,AUTOMATED_VALIDATOR,PENDING,,,"Rendered at 150 DPI; passed geometric AST preflight (margins, fonts, bounds); direct raster inspection pending"
364,f2211520a13e878a275546e6aa1519c1d0d32fb665caa224f95efe1dc566ce09,0660dd94fe7c04956b480f6032e333bdf3d3ad6ff8f1ad491ed78217ee4c506e,GEOMETRY_HEURISTIC_ONLY,AUTOMATED_VALIDATOR,PENDING,,,"Rendered at 150 DPI; passed geometric AST preflight (margins, fonts, bounds); direct raster inspection pending"
365,f2211520a13e878a275546e6aa1519c1d0d32fb665caa224f95efe1dc566ce09,891a2cb8ff591f7e64c717ee855add4dffbf7af1cbef4553e86253c794c3e292,GEOMETRY_HEURISTIC_ONLY,AUTOMATED_VALIDATOR,PENDING,,,"Rendered at 150 DPI; passed geometric AST preflight (margins, fonts, bounds); direct raster inspection pending"
366,f2211520a13e878a275546e6aa1519c1d0d32fb665caa224f95efe1dc566ce09,ddd7337a01f4fe80ee20a4fd5c9b04051650ae29ee4f2a0193a9d31ebfc6ced9,GEOMETRY_HEURISTIC_ONLY,AUTOMATED_VALIDATOR,PENDING,,,"Rendered at 150 DPI; passed geometric AST preflight (margins, fonts, bounds); direct raster inspection pending"
367,f2211520a13e878a275546e6aa1519c1d0d32fb665caa224f95efe1dc566ce09,beb5f32b93d36e33704513991e599e640f674584c30859eef0d39e1abfc967f5,GEOMETRY_HEURISTIC_ONLY,AUTOMATED_VALIDATOR,PENDING,,,"Rendered at 150 DPI; passed geometric AST preflight (margins, fonts, bounds); direct raster inspection pending"
368,f2211520a13e878a275546e6aa1519c1d0d32fb665caa224f95efe1dc566ce09,f5becbc478aeb48a4946ed100cd5fa0a9a5d21a63b1af669e4f237291f31bc37,GEOMETRY_HEURISTIC_ONLY,AUTOMATED_VALIDATOR,PENDING,,,"Rendered at 150 DPI; passed geometric AST preflight (margins, fonts, bounds); direct raster inspection pending"
369,f2211520a13e878a275546e6aa1519c1d0d32fb665caa224f95efe1dc566ce09,76c2c1ad3ba7a95cf0fd9374281bba87ea6fb0838b0f88865424126a1009fdc2,GEOMETRY_HEURISTIC_ONLY,AUTOMATED_VALIDATOR,PENDING,,,"Rendered at 150 DPI; passed geometric AST preflight (margins, fonts, bounds); direct raster inspection pending"
370,f2211520a13e878a275546e6aa1519c1d0d32fb665caa224f95efe1dc566ce09,2bd3b203f34e85c06efb9f7bf72fcea7004e92c6943417a0a6e0c9821f88dc87,GEOMETRY_HEURISTIC_ONLY,AUTOMATED_VALIDATOR,PENDING,,,"Rendered at 150 DPI; passed geometric AST preflight (margins, fonts, bounds); direct raster inspection pending"
371,f2211520a13e878a275546e6aa1519c1d0d32fb665caa224f95efe1dc566ce09,f29f9cea2c6136e850cab5823c8d3d78151a1e5ec53926362cb609c4d1ed7f87,GEOMETRY_HEURISTIC_ONLY,AUTOMATED_VALIDATOR,PENDING,,,"Rendered at 150 DPI; passed geometric AST preflight (margins, fonts, bounds); direct raster inspection pending"
372,f2211520a13e878a275546e6aa1519c1d0d32fb665caa224f95efe1dc566ce09,35ade11ce14608bbbc6f8b3d9d1a5bd6b0f4c442f4687386eb933cdc0ffdbb55,GEOMETRY_HEURISTIC_ONLY,AUTOMATED_VALIDATOR,PENDING,,,"Rendered at 150 DPI; passed geometric AST preflight (margins, fonts, bounds); direct raster inspection pending"
373,f2211520a13e878a275546e6aa1519c1d0d32fb665caa224f95efe1dc566ce09,8799138298597a35dda617906ac2755bbfb8e095030eee8e35559fdb2386f464,GEOMETRY_HEURISTIC_ONLY,AUTOMATED_VALIDATOR,PENDING,,,"Rendered at 150 DPI; passed geometric AST preflight (margins, fonts, bounds); direct raster inspection pending"
374,f2211520a13e878a275546e6aa1519c1d0d32fb665caa224f95efe1dc566ce09,9802db718cdaf8108fde45c6093c994489787b32090ea9259e868ddef783e2cf,GEOMETRY_HEURISTIC_ONLY,AUTOMATED_VALIDATOR,PENDING,,,"Rendered at 150 DPI; passed geometric AST preflight (margins, fonts, bounds); direct raster inspection pending"
375,f2211520a13e878a275546e6aa1519c1d0d32fb665caa224f95efe1dc566ce09,c3ce3ca5dafe3d4ea4f608d2f23a942135eb15888d7e726c7a2ec5490085c5a7,GEOMETRY_HEURISTIC_ONLY,AUTOMATED_VALIDATOR,PENDING,,,"Rendered at 150 DPI; passed geometric AST preflight (margins, fonts, bounds); direct raster inspection pending"
376,f2211520a13e878a275546e6aa1519c1d0d32fb665caa224f95efe1dc566ce09,22be84038a1e72f02a240e878009e47d193c8cf8250b938651ae4ae30cae4b3b,GEOMETRY_HEURISTIC_ONLY,AUTOMATED_VALIDATOR,PENDING,,,"Rendered at 150 DPI; passed geometric AST preflight (margins, fonts, bounds); direct raster inspection pending"
377,f2211520a13e878a275546e6aa1519c1d0d32fb665caa224f95efe1dc566ce09,836bab014a9216a6c942b9596bf3cab5b56168007427832a8d4859b274922b8d,GEOMETRY_HEURISTIC_ONLY,AUTOMATED_VALIDATOR,PENDING,,,"Rendered at 150 DPI; passed geometric AST preflight (margins, fonts, bounds); direct raster inspection pending"
378,f2211520a13e878a275546e6aa1519c1d0d32fb665caa224f95efe1dc566ce09,1678daf7a9d70b74143437cf40f7a2e0c0fb8d2290600c98727f5340008943d1,GEOMETRY_HEURISTIC_ONLY,AUTOMATED_VALIDATOR,PENDING,,,"Rendered at 150 DPI; passed geometric AST preflight (margins, fonts, bounds); direct raster inspection pending"
379,f2211520a13e878a275546e6aa1519c1d0d32fb665caa224f95efe1dc566ce09,b91d7b7eb0562a4ef690edaad49fa2d216f1a9e6d9fe61168684190eb573958b,GEOMETRY_HEURISTIC_ONLY,AUTOMATED_VALIDATOR,PENDING,,,"Rendered at 150 DPI; passed geometric AST preflight (margins, fonts, bounds); direct raster inspection pending"
380,f2211520a13e878a275546e6aa1519c1d0d32fb665caa224f95efe1dc566ce09,9def97fbfdf562ebf25dc9acecb66529f5c0fa48cb0855337545bd162c990d67,GEOMETRY_HEURISTIC_ONLY,AUTOMATED_VALIDATOR,PENDING,,,"Rendered at 150 DPI; passed geometric AST preflight (margins, fonts, bounds); direct raster inspection pending"
381,f2211520a13e878a275546e6aa1519c1d0d32fb665caa224f95efe1dc566ce09,8f37b48d2682de8ac94ee8b89b529fe36c976b112e9da5c589f545005a3ea549,GEOMETRY_HEURISTIC_ONLY,AUTOMATED_VALIDATOR,PENDING,,,"Rendered at 150 DPI; passed geometric AST preflight (margins, fonts, bounds); direct raster inspection pending"
382,f2211520a13e878a275546e6aa1519c1d0d32fb665caa224f95efe1dc566ce09,46bb1b8119a5a5673982d8645044071fde16326a40c50bf838913156cf67dba0,GEOMETRY_HEURISTIC_ONLY,AUTOMATED_VALIDATOR,PENDING,,,"Rendered at 150 DPI; passed geometric AST preflight (margins, fonts, bounds); direct raster inspection pending"
383,f2211520a13e878a275546e6aa1519c1d0d32fb665caa224f95efe1dc566ce09,e45f54396f493c7d92e243c66d482da2c22809fb3dec6f64e017481b148f6438,GEOMETRY_HEURISTIC_ONLY,AUTOMATED_VALIDATOR,PENDING,,,"Rendered at 150 DPI; passed geometric AST preflight (margins, fonts, bounds); direct raster inspection pending"
384,f2211520a13e878a275546e6aa1519c1d0d32fb665caa224f95efe1dc566ce09,e8597242ffe5effdef4f2b2420da7270ee1b9ca445253da6c187cf6ba94380df,GEOMETRY_HEURISTIC_ONLY,AUTOMATED_VALIDATOR,PENDING,,,"Rendered at 150 DPI; passed geometric AST preflight (margins, fonts, bounds); direct raster inspection pending"
385,f2211520a13e878a275546e6aa1519c1d0d32fb665caa224f95efe1dc566ce09,66c4534c84a3d27b2732220a89dbf1bc6ae502fe6fef0f2ab42421af62ed2842,GEOMETRY_HEURISTIC_ONLY,AUTOMATED_VALIDATOR,PENDING,,,"Rendered at 150 DPI; passed geometric AST preflight (margins, fonts, bounds); direct raster inspection pending"
386,f2211520a13e878a275546e6aa1519c1d0d32fb665caa224f95efe1dc566ce09,d1035c831333023ec0be698ebf0c25f391a03b5dd07197eb02acfef391fd5a4a,GEOMETRY_HEURISTIC_ONLY,AUTOMATED_VALIDATOR,PENDING,,,"Rendered at 150 DPI; passed geometric AST preflight (margins, fonts, bounds); direct raster inspection pending"
387,f2211520a13e878a275546e6aa1519c1d0d32fb665caa224f95efe1dc566ce09,99472967f07acc04fc6a27111d549bbdb977fca779e6f3d5df9ff753b61b89e5,GEOMETRY_HEURISTIC_ONLY,AUTOMATED_VALIDATOR,PENDING,,,"Rendered at 150 DPI; passed geometric AST preflight (margins, fonts, bounds); direct raster inspection pending"
388,f2211520a13e878a275546e6aa1519c1d0d32fb665caa224f95efe1dc566ce09,3357acd57509ae1d7c5f4657e2888bece51412aa83678d067b45b163634b9b8f,GEOMETRY_HEURISTIC_ONLY,AUTOMATED_VALIDATOR,PENDING,,,"Rendered at 150 DPI; passed geometric AST preflight (margins, fonts, bounds); direct raster inspection pending"
389,f2211520a13e878a275546e6aa1519c1d0d32fb665caa224f95efe1dc566ce09,094846225ec2d80217ea4fc7c1d087080d2b359a6ba68261f377cb0830b86bee,GEOMETRY_HEURISTIC_ONLY,AUTOMATED_VALIDATOR,PENDING,,,"Rendered at 150 DPI; passed geometric AST preflight (margins, fonts, bounds); direct raster inspection pending"
390,f2211520a13e878a275546e6aa1519c1d0d32fb665caa224f95efe1dc566ce09,166f46397a2f2e1d4745e6712e44ae40d213f0e135c788bcc03ac69158cc468d,GEOMETRY_HEURISTIC_ONLY,AUTOMATED_VALIDATOR,PENDING,,,"Rendered at 150 DPI; passed geometric AST preflight (margins, fonts, bounds); direct raster inspection pending"
391,f2211520a13e878a275546e6aa1519c1d0d32fb665caa224f95efe1dc566ce09,7d6aca7fe45d842fe1bd82220d1c9b01bc961e7ab7fcab87a052cfdd7aac45b8,GEOMETRY_HEURISTIC_ONLY,AUTOMATED_VALIDATOR,PENDING,,,"Rendered at 150 DPI; passed geometric AST preflight (margins, fonts, bounds); direct raster inspection pending"
392,f2211520a13e878a275546e6aa1519c1d0d32fb665caa224f95efe1dc566ce09,775ce59b33e69cfdc645353c818697207d64d80f728d819231a07d5d92d1ae85,GEOMETRY_HEURISTIC_ONLY,AUTOMATED_VALIDATOR,PENDING,,,"Rendered at 150 DPI; passed geometric AST preflight (margins, fonts, bounds); direct raster inspection pending"
393,f2211520a13e878a275546e6aa1519c1d0d32fb665caa224f95efe1dc566ce09,d62c31959f136f49dc504f3dee50854996a5f126a312dd71450512706db1a4d3,GEOMETRY_HEURISTIC_ONLY,AUTOMATED_VALIDATOR,PENDING,,,"Rendered at 150 DPI; passed geometric AST preflight (margins, fonts, bounds); direct raster inspection pending"
394,f2211520a13e878a275546e6aa1519c1d0d32fb665caa224f95efe1dc566ce09,413c59300f608353cb1d98af716b11e0b96670a90697b8a2adf1bbd10bd1ba73,GEOMETRY_HEURISTIC_ONLY,AUTOMATED_VALIDATOR,PENDING,,,"Rendered at 150 DPI; passed geometric AST preflight (margins, fonts, bounds); direct raster inspection pending"
395,f2211520a13e878a275546e6aa1519c1d0d32fb665caa224f95efe1dc566ce09,b3037aadab025a0fdc78336320b42350b2c9fda9c8c34d7bf4fe09e428bd96a6,GEOMETRY_HEURISTIC_ONLY,AUTOMATED_VALIDATOR,PENDING,,,"Rendered at 150 DPI; passed geometric AST preflight (margins, fonts, bounds); direct raster inspection pending"
396,f2211520a13e878a275546e6aa1519c1d0d32fb665caa224f95efe1dc566ce09,20f5a1498a21d6e7025aedd88831d79322f1077b4b24e2ab91a9f5652b611ab1,GEOMETRY_HEURISTIC_ONLY,AUTOMATED_VALIDATOR,PENDING,,,"Rendered at 150 DPI; passed geometric AST preflight (margins, fonts, bounds); direct raster inspection pending"
397,f2211520a13e878a275546e6aa1519c1d0d32fb665caa224f95efe1dc566ce09,647a53d4b692c60fe58dd50722a81ccd88b44ee7d466f539831e117fbab20c24,RASTER_IMAGE_INSPECTION,VISION_MODEL,PASS,2026-10-08T07:05:00Z,,"Ch27 End: Solution challenge 2 code, prose, summary, transition paragraph to Ch28, folio 397"
398,f2211520a13e878a275546e6aa1519c1d0d32fb665caa224f95efe1dc566ce09,689f2ba4331dd64ee8641d23043bd79f583275f238c390596b1ecf7c3c7d9f16,GEOMETRY_HEURISTIC_ONLY,AUTOMATED_VALIDATOR,PENDING,,,"Rendered at 150 DPI; passed geometric AST preflight (margins, fonts, bounds); direct raster inspection pending"
399,f2211520a13e878a275546e6aa1519c1d0d32fb665caa224f95efe1dc566ce09,4198e1bcb453558b1e6bae9e087796c811ffa4c698b50f3c19993abe58b80338,RASTER_IMAGE_INSPECTION,VISION_MODEL,PASS,2026-10-08T07:05:00Z,,"Ch28 Opener: Chapter title, prompt injection callout, section Mental model, folio 399"
400,f2211520a13e878a275546e6aa1519c1d0d32fb665caa224f95efe1dc566ce09,4a3a75faf1f6d7902773011bdd7580f33a5264842e72c090f02f6105bee27ff0,GEOMETRY_HEURISTIC_ONLY,AUTOMATED_VALIDATOR,PENDING,,,"Rendered at 150 DPI; passed geometric AST preflight (margins, fonts, bounds); direct raster inspection pending"
401,f2211520a13e878a275546e6aa1519c1d0d32fb665caa224f95efe1dc566ce09,7fe1710eb0c1c54611cd256336d7a12318ca65e338aae746556fbd35fb2113b9,GEOMETRY_HEURISTIC_ONLY,AUTOMATED_VALIDATOR,PENDING,,,"Rendered at 150 DPI; passed geometric AST preflight (margins, fonts, bounds); direct raster inspection pending"
402,f2211520a13e878a275546e6aa1519c1d0d32fb665caa224f95efe1dc566ce09,805e57ca11a2b025a50292b08c94090a4310f8f0b0043e7e1bd43c057583ea8d,GEOMETRY_HEURISTIC_ONLY,AUTOMATED_VALIDATOR,PENDING,,,"Rendered at 150 DPI; passed geometric AST preflight (margins, fonts, bounds); direct raster inspection pending"
403,f2211520a13e878a275546e6aa1519c1d0d32fb665caa224f95efe1dc566ce09,0a186397442c376e9bac8d78c5452147c1e31d0d2f3cbec184b77fda31c341e3,GEOMETRY_HEURISTIC_ONLY,AUTOMATED_VALIDATOR,PENDING,,,"Rendered at 150 DPI; passed geometric AST preflight (margins, fonts, bounds); direct raster inspection pending"
404,f2211520a13e878a275546e6aa1519c1d0d32fb665caa224f95efe1dc566ce09,5f04db86488754781966f3accae430b690078d4c1ae67ffff6badbf33b5f5c42,GEOMETRY_HEURISTIC_ONLY,AUTOMATED_VALIDATOR,PENDING,,,"Rendered at 150 DPI; passed geometric AST preflight (margins, fonts, bounds); direct raster inspection pending"
405,f2211520a13e878a275546e6aa1519c1d0d32fb665caa224f95efe1dc566ce09,a7042ab6433fb1c8674d36f47f9242bb065de0c1b89c6d96c36c581615ed5ff9,GEOMETRY_HEURISTIC_ONLY,AUTOMATED_VALIDATOR,PENDING,,,"Rendered at 150 DPI; passed geometric AST preflight (margins, fonts, bounds); direct raster inspection pending"
406,f2211520a13e878a275546e6aa1519c1d0d32fb665caa224f95efe1dc566ce09,c62138a997792c125f7674a1f487575d60dc5e66bd68edca7ed610d9c29eae41,GEOMETRY_HEURISTIC_ONLY,AUTOMATED_VALIDATOR,PENDING,,,"Rendered at 150 DPI; passed geometric AST preflight (margins, fonts, bounds); direct raster inspection pending"
407,f2211520a13e878a275546e6aa1519c1d0d32fb665caa224f95efe1dc566ce09,e420dbe3805fc7bea36f90aeb354653a2f66ae7715862e4c169565569c925b6a,GEOMETRY_HEURISTIC_ONLY,AUTOMATED_VALIDATOR,PENDING,,,"Rendered at 150 DPI; passed geometric AST preflight (margins, fonts, bounds); direct raster inspection pending"
408,f2211520a13e878a275546e6aa1519c1d0d32fb665caa224f95efe1dc566ce09,768e7d8597e3e595af008ab8596f9334025283d06e2fc5ce692df52d7887b94d,GEOMETRY_HEURISTIC_ONLY,AUTOMATED_VALIDATOR,PENDING,,,"Rendered at 150 DPI; passed geometric AST preflight (margins, fonts, bounds); direct raster inspection pending"
409,f2211520a13e878a275546e6aa1519c1d0d32fb665caa224f95efe1dc566ce09,7457c45e302fcd4c4a84e2dd45a67acdd638129cbcb0e71c59674f6fb61fa575,GEOMETRY_HEURISTIC_ONLY,AUTOMATED_VALIDATOR,PENDING,,,"Rendered at 150 DPI; passed geometric AST preflight (margins, fonts, bounds); direct raster inspection pending"
410,f2211520a13e878a275546e6aa1519c1d0d32fb665caa224f95efe1dc566ce09,012d85146ee0ee0325e1b63bf04f95aca6227fbdd14a3a0a675beecef8690a41,GEOMETRY_HEURISTIC_ONLY,AUTOMATED_VALIDATOR,PENDING,,,"Rendered at 150 DPI; passed geometric AST preflight (margins, fonts, bounds); direct raster inspection pending"
411,f2211520a13e878a275546e6aa1519c1d0d32fb665caa224f95efe1dc566ce09,ca28ae356ac5a383ea9ed6a6957a37f6eca836feabd00608e49e8806916f030c,GEOMETRY_HEURISTIC_ONLY,AUTOMATED_VALIDATOR,PENDING,,,"Rendered at 150 DPI; passed geometric AST preflight (margins, fonts, bounds); direct raster inspection pending"
412,f2211520a13e878a275546e6aa1519c1d0d32fb665caa224f95efe1dc566ce09,830d045b334a0bb60d7a8e16e799da67fe4bb94ed6e1ef287c137e81f6fcc98f,GEOMETRY_HEURISTIC_ONLY,AUTOMATED_VALIDATOR,PENDING,,,"Rendered at 150 DPI; passed geometric AST preflight (margins, fonts, bounds); direct raster inspection pending"
413,f2211520a13e878a275546e6aa1519c1d0d32fb665caa224f95efe1dc566ce09,bbb9fa0008cf91cf860665c89c9cd63a043910f282f0ce34558e0404374f76e9,GEOMETRY_HEURISTIC_ONLY,AUTOMATED_VALIDATOR,PENDING,,,"Rendered at 150 DPI; passed geometric AST preflight (margins, fonts, bounds); direct raster inspection pending"
414,f2211520a13e878a275546e6aa1519c1d0d32fb665caa224f95efe1dc566ce09,6b0dda367f6909d48a6eb715ec306e089e87293c2bd9a1a38568a518fd29ff3e,GEOMETRY_HEURISTIC_ONLY,AUTOMATED_VALIDATOR,PENDING,,,"Rendered at 150 DPI; passed geometric AST preflight (margins, fonts, bounds); direct raster inspection pending"
415,f2211520a13e878a275546e6aa1519c1d0d32fb665caa224f95efe1dc566ce09,bf76079e247e74199084ce0ee8b46226913960b4f2be54eb755bbff6c9d50069,GEOMETRY_HEURISTIC_ONLY,AUTOMATED_VALIDATOR,PENDING,,,"Rendered at 150 DPI; passed geometric AST preflight (margins, fonts, bounds); direct raster inspection pending"
416,f2211520a13e878a275546e6aa1519c1d0d32fb665caa224f95efe1dc566ce09,fdd4f69d5406fa3c8c4f95b751f6a3d24309239bdd8499c9bc3fbc6762c59c55,GEOMETRY_HEURISTIC_ONLY,AUTOMATED_VALIDATOR,PENDING,,,"Rendered at 150 DPI; passed geometric AST preflight (margins, fonts, bounds); direct raster inspection pending"
417,f2211520a13e878a275546e6aa1519c1d0d32fb665caa224f95efe1dc566ce09,66033fa19a6dc5e4372c468aa813e85ea2191028ca9867ae5356f486a4ed4046,GEOMETRY_HEURISTIC_ONLY,AUTOMATED_VALIDATOR,PENDING,,,"Rendered at 150 DPI; passed geometric AST preflight (margins, fonts, bounds); direct raster inspection pending"
418,f2211520a13e878a275546e6aa1519c1d0d32fb665caa224f95efe1dc566ce09,4c2fb4e38f7500bbf2285ba2f4b5fe0f2a8911e1f2b5ca4ad9d15d2a4a05a06e,GEOMETRY_HEURISTIC_ONLY,AUTOMATED_VALIDATOR,PENDING,,,"Rendered at 150 DPI; passed geometric AST preflight (margins, fonts, bounds); direct raster inspection pending"
419,f2211520a13e878a275546e6aa1519c1d0d32fb665caa224f95efe1dc566ce09,79e001800ccfb5e4a2b491161e6870a91523a14dc898a2156a34c8158e4815e6,RASTER_IMAGE_INSPECTION,VISION_MODEL,PASS,2026-10-08T07:05:00Z,,"Ch29 Opener: Chapter title, prose, section Đọc số liệu, audit date 08-10-2026, Peng et al citation, folio 419"
420,f2211520a13e878a275546e6aa1519c1d0d32fb665caa224f95efe1dc566ce09,65c6d62a6bd23b9ece6294356728d1fbc745cd60d323611e946f642099912094,GEOMETRY_HEURISTIC_ONLY,AUTOMATED_VALIDATOR,PENDING,,,"Rendered at 150 DPI; passed geometric AST preflight (margins, fonts, bounds); direct raster inspection pending"
421,f2211520a13e878a275546e6aa1519c1d0d32fb665caa224f95efe1dc566ce09,f1f446e5c56f59179d0201a7ae09b4f7500b46995568376da16a8a0e674e8292,GEOMETRY_HEURISTIC_ONLY,AUTOMATED_VALIDATOR,PENDING,,,"Rendered at 150 DPI; passed geometric AST preflight (margins, fonts, bounds); direct raster inspection pending"
422,f2211520a13e878a275546e6aa1519c1d0d32fb665caa224f95efe1dc566ce09,4240573caff7fe16aa06d4e809584c15e3e6193c37d51e145c7b201375b1dee4,GEOMETRY_HEURISTIC_ONLY,AUTOMATED_VALIDATOR,PENDING,,,"Rendered at 150 DPI; passed geometric AST preflight (margins, fonts, bounds); direct raster inspection pending"
423,f2211520a13e878a275546e6aa1519c1d0d32fb665caa224f95efe1dc566ce09,b8b480dee9d79f0a34df01cc524ae32451c98645d3ca0a73bcac069914dc80c6,GEOMETRY_HEURISTIC_ONLY,AUTOMATED_VALIDATOR,PENDING,,,"Rendered at 150 DPI; passed geometric AST preflight (margins, fonts, bounds); direct raster inspection pending"
424,f2211520a13e878a275546e6aa1519c1d0d32fb665caa224f95efe1dc566ce09,cb746ec729cc841d8069d2d463e7990026f31c6554e8b6fd8f942cd4c780405a,RASTER_IMAGE_INSPECTION,VISION_MODEL,PASS,2026-10-08T07:05:00Z,,"Ch29 Policy: Section Điều tra restart, Hình 50 policy diagram with legible arrows, code box, prose, folio 424"
425,f2211520a13e878a275546e6aa1519c1d0d32fb665caa224f95efe1dc566ce09,e6433e13f6ad9fee4700a295490714c387d1dc0d4a39033a231a27f13f96fe7a,GEOMETRY_HEURISTIC_ONLY,AUTOMATED_VALIDATOR,PENDING,,,"Rendered at 150 DPI; passed geometric AST preflight (margins, fonts, bounds); direct raster inspection pending"
426,f2211520a13e878a275546e6aa1519c1d0d32fb665caa224f95efe1dc566ce09,edce330b079479c335aa7bace956a9e7ce8d2cf146406209bc2a820814f75671,GEOMETRY_HEURISTIC_ONLY,AUTOMATED_VALIDATOR,PENDING,,,"Rendered at 150 DPI; passed geometric AST preflight (margins, fonts, bounds); direct raster inspection pending"
427,f2211520a13e878a275546e6aa1519c1d0d32fb665caa224f95efe1dc566ce09,2e065f90f4a41986589c5e1a4401045652d56f6e0d93194292592163948545a2,GEOMETRY_HEURISTIC_ONLY,AUTOMATED_VALIDATOR,PENDING,,,"Rendered at 150 DPI; passed geometric AST preflight (margins, fonts, bounds); direct raster inspection pending"
428,f2211520a13e878a275546e6aa1519c1d0d32fb665caa224f95efe1dc566ce09,72958adb365a748390c35922784ccd55da2f9a0e3ec1687fb9f392250a1d0966,GEOMETRY_HEURISTIC_ONLY,AUTOMATED_VALIDATOR,PENDING,,,"Rendered at 150 DPI; passed geometric AST preflight (margins, fonts, bounds); direct raster inspection pending"
429,f2211520a13e878a275546e6aa1519c1d0d32fb665caa224f95efe1dc566ce09,7397341d7bae41af826e97dda8f3b1fdd1118dee20f272e7637e8e8556bf799f,RASTER_IMAGE_INSPECTION,VISION_MODEL,PASS,2026-10-08T07:05:00Z,,"Back Matter Opener: Header ATLAS MÃ NGUỒN 50 THƯ VIỆN, rule, callout, Tier S section, Entry 01 client-go, folio 429"
430,f2211520a13e878a275546e6aa1519c1d0d32fb665caa224f95efe1dc566ce09,067300ae807ff21efaedc311f5dfd95bbf8b52cfed5915692345d6879784122e,GEOMETRY_HEURISTIC_ONLY,AUTOMATED_VALIDATOR,PENDING,,,"Rendered at 150 DPI; passed geometric AST preflight (margins, fonts, bounds); direct raster inspection pending"
431,f2211520a13e878a275546e6aa1519c1d0d32fb665caa224f95efe1dc566ce09,a8560e2cba1eaf8a7ac0461084ed5304ea1ed958823b254e177e4faea203bd78,GEOMETRY_HEURISTIC_ONLY,AUTOMATED_VALIDATOR,PENDING,,,"Rendered at 150 DPI; passed geometric AST preflight (margins, fonts, bounds); direct raster inspection pending"
432,f2211520a13e878a275546e6aa1519c1d0d32fb665caa224f95efe1dc566ce09,1b647f981824fa01d4d1400b3a0a12e754316ff349e4b5164712dc39a1338889,GEOMETRY_HEURISTIC_ONLY,AUTOMATED_VALIDATOR,PENDING,,,"Rendered at 150 DPI; passed geometric AST preflight (margins, fonts, bounds); direct raster inspection pending"
433,f2211520a13e878a275546e6aa1519c1d0d32fb665caa224f95efe1dc566ce09,8200b25be652658b6d5cd0ca10e30ac499b611bd30390b5bb2b835ded741243a,GEOMETRY_HEURISTIC_ONLY,AUTOMATED_VALIDATOR,PENDING,,,"Rendered at 150 DPI; passed geometric AST preflight (margins, fonts, bounds); direct raster inspection pending"
434,f2211520a13e878a275546e6aa1519c1d0d32fb665caa224f95efe1dc566ce09,c5a0650abda9f4d5aaf5dbfb83e12c29a971dd2c00037db39b6a191c106dacdc,GEOMETRY_HEURISTIC_ONLY,AUTOMATED_VALIDATOR,PENDING,,,"Rendered at 150 DPI; passed geometric AST preflight (margins, fonts, bounds); direct raster inspection pending"
435,f2211520a13e878a275546e6aa1519c1d0d32fb665caa224f95efe1dc566ce09,ddc5631337f5a5ed2b75767c4c05cb93eba0ad2249a7578d7d2aaa3f4b647ccc,GEOMETRY_HEURISTIC_ONLY,AUTOMATED_VALIDATOR,PENDING,,,"Rendered at 150 DPI; passed geometric AST preflight (margins, fonts, bounds); direct raster inspection pending"
436,f2211520a13e878a275546e6aa1519c1d0d32fb665caa224f95efe1dc566ce09,5d1b54d781325ae23634b1e9c49eb3b725482f444eaa3ad5bea43d36f177adf0,GEOMETRY_HEURISTIC_ONLY,AUTOMATED_VALIDATOR,PENDING,,,"Rendered at 150 DPI; passed geometric AST preflight (margins, fonts, bounds); direct raster inspection pending"
437,f2211520a13e878a275546e6aa1519c1d0d32fb665caa224f95efe1dc566ce09,338e96e6136862fb6ce5dc97bc12fb328f128df4a0a86c8a5df378e174183890,GEOMETRY_HEURISTIC_ONLY,AUTOMATED_VALIDATOR,PENDING,,,"Rendered at 150 DPI; passed geometric AST preflight (margins, fonts, bounds); direct raster inspection pending"
438,f2211520a13e878a275546e6aa1519c1d0d32fb665caa224f95efe1dc566ce09,28319c8dc7be064bf9672258deaa6163b2af0173c1e4a6853fd400731431fec7,GEOMETRY_HEURISTIC_ONLY,AUTOMATED_VALIDATOR,PENDING,,,"Rendered at 150 DPI; passed geometric AST preflight (margins, fonts, bounds); direct raster inspection pending"
439,f2211520a13e878a275546e6aa1519c1d0d32fb665caa224f95efe1dc566ce09,504aa395c39a7e90edbc2bedd6f5404c3fbe63e718797468c8c0c479b155ed5c,GEOMETRY_HEURISTIC_ONLY,AUTOMATED_VALIDATOR,PENDING,,,"Rendered at 150 DPI; passed geometric AST preflight (margins, fonts, bounds); direct raster inspection pending"
440,f2211520a13e878a275546e6aa1519c1d0d32fb665caa224f95efe1dc566ce09,a8d1ee5ad31ad6eda4e290f84b769d510aad47add4707df520d6a7f4cb55d375,GEOMETRY_HEURISTIC_ONLY,AUTOMATED_VALIDATOR,PENDING,,,"Rendered at 150 DPI; passed geometric AST preflight (margins, fonts, bounds); direct raster inspection pending"
441,f2211520a13e878a275546e6aa1519c1d0d32fb665caa224f95efe1dc566ce09,5a0cdb1edc7748e377da996f2e30fac265efcb84a978c767416668be266762a3,GEOMETRY_HEURISTIC_ONLY,AUTOMATED_VALIDATOR,PENDING,,,"Rendered at 150 DPI; passed geometric AST preflight (margins, fonts, bounds); direct raster inspection pending"
442,f2211520a13e878a275546e6aa1519c1d0d32fb665caa224f95efe1dc566ce09,7264827dfb6e9615bf4b57995a1d45ec726e87788cdc365b7c534043b8d2c5e7,GEOMETRY_HEURISTIC_ONLY,AUTOMATED_VALIDATOR,PENDING,,,"Rendered at 150 DPI; passed geometric AST preflight (margins, fonts, bounds); direct raster inspection pending"
443,f2211520a13e878a275546e6aa1519c1d0d32fb665caa224f95efe1dc566ce09,23dd4736eb4ca7a7e9eb4fbd2fee6f16a1deabdabb9a7e658065d56f3b112c42,GEOMETRY_HEURISTIC_ONLY,AUTOMATED_VALIDATOR,PENDING,,,"Rendered at 150 DPI; passed geometric AST preflight (margins, fonts, bounds); direct raster inspection pending"
444,f2211520a13e878a275546e6aa1519c1d0d32fb665caa224f95efe1dc566ce09,328bdc85f7cd76ee7ea31aebc48f308531e56f216b3a5c6a8543af7896f25db8,GEOMETRY_HEURISTIC_ONLY,AUTOMATED_VALIDATOR,PENDING,,,"Rendered at 150 DPI; passed geometric AST preflight (margins, fonts, bounds); direct raster inspection pending"
445,f2211520a13e878a275546e6aa1519c1d0d32fb665caa224f95efe1dc566ce09,c63b21d303633326b3fcb7c008254b930571924404ad88ba556bfa944cfc3c93,GEOMETRY_HEURISTIC_ONLY,AUTOMATED_VALIDATOR,PENDING,,,"Rendered at 150 DPI; passed geometric AST preflight (margins, fonts, bounds); direct raster inspection pending"
446,f2211520a13e878a275546e6aa1519c1d0d32fb665caa224f95efe1dc566ce09,e5db29ae438af9ecfc21ef5be44db4563bc3202cd7223bc8c8cc103e1aa4d77b,GEOMETRY_HEURISTIC_ONLY,AUTOMATED_VALIDATOR,PENDING,,,"Rendered at 150 DPI; passed geometric AST preflight (margins, fonts, bounds); direct raster inspection pending"
447,f2211520a13e878a275546e6aa1519c1d0d32fb665caa224f95efe1dc566ce09,06a92595fcbd385fd6ba25416a93f2451d16eaa606bf395ca9797c778f1fb462,GEOMETRY_HEURISTIC_ONLY,AUTOMATED_VALIDATOR,PENDING,,,"Rendered at 150 DPI; passed geometric AST preflight (margins, fonts, bounds); direct raster inspection pending"
448,f2211520a13e878a275546e6aa1519c1d0d32fb665caa224f95efe1dc566ce09,dce01b93eaa2be15948d8fa9ad4fd9c5027ade5576998481f25ec59236e73e8c,GEOMETRY_HEURISTIC_ONLY,AUTOMATED_VALIDATOR,PENDING,,,"Rendered at 150 DPI; passed geometric AST preflight (margins, fonts, bounds); direct raster inspection pending"
449,f2211520a13e878a275546e6aa1519c1d0d32fb665caa224f95efe1dc566ce09,2f5472fb90baa0ff56ca1f7f8297e7f999c21bf4762e77a2e3263a0ef7e0f44e,GEOMETRY_HEURISTIC_ONLY,AUTOMATED_VALIDATOR,PENDING,,,"Rendered at 150 DPI; passed geometric AST preflight (margins, fonts, bounds); direct raster inspection pending"
450,f2211520a13e878a275546e6aa1519c1d0d32fb665caa224f95efe1dc566ce09,b61616606dd9a4a10285a687758547904aad490ffad58e51db7c983b5b9622a1,GEOMETRY_HEURISTIC_ONLY,AUTOMATED_VALIDATOR,PENDING,,,"Rendered at 150 DPI; passed geometric AST preflight (margins, fonts, bounds); direct raster inspection pending"
451,f2211520a13e878a275546e6aa1519c1d0d32fb665caa224f95efe1dc566ce09,b1f4c25484bd52de25aeff533f711493ec8273e819c5f80325a7e8b51bf075d4,GEOMETRY_HEURISTIC_ONLY,AUTOMATED_VALIDATOR,PENDING,,,"Rendered at 150 DPI; passed geometric AST preflight (margins, fonts, bounds); direct raster inspection pending"
452,f2211520a13e878a275546e6aa1519c1d0d32fb665caa224f95efe1dc566ce09,068df58864b98de8ad8a47adc0ad10252d88cf09f67420a2a398b85eee8ee56a,GEOMETRY_HEURISTIC_ONLY,AUTOMATED_VALIDATOR,PENDING,,,"Rendered at 150 DPI; passed geometric AST preflight (margins, fonts, bounds); direct raster inspection pending"
453,f2211520a13e878a275546e6aa1519c1d0d32fb665caa224f95efe1dc566ce09,7ea81185899202cffea9f2ee3799f1e88c0d651bf5a245095bbec08de5aa1a75,GEOMETRY_HEURISTIC_ONLY,AUTOMATED_VALIDATOR,PENDING,,,"Rendered at 150 DPI; passed geometric AST preflight (margins, fonts, bounds); direct raster inspection pending"
454,f2211520a13e878a275546e6aa1519c1d0d32fb665caa224f95efe1dc566ce09,d035592ec68ad77aaa2b6261415bf5b8081a9433837ade65a663cf0a7f991021,GEOMETRY_HEURISTIC_ONLY,AUTOMATED_VALIDATOR,PENDING,,,"Rendered at 150 DPI; passed geometric AST preflight (margins, fonts, bounds); direct raster inspection pending"
455,f2211520a13e878a275546e6aa1519c1d0d32fb665caa224f95efe1dc566ce09,ee6a0cb5de4998efb1ce65a0a80ce98fbacb3d147074cb975cf38d6a756aefc4,GEOMETRY_HEURISTIC_ONLY,AUTOMATED_VALIDATOR,PENDING,,,"Rendered at 150 DPI; passed geometric AST preflight (margins, fonts, bounds); direct raster inspection pending"
456,f2211520a13e878a275546e6aa1519c1d0d32fb665caa224f95efe1dc566ce09,5cd7adf0ede48b5b4cd7b0ebb13e9e82ca7a7069b0e1a51d708a81b706d7476c,GEOMETRY_HEURISTIC_ONLY,AUTOMATED_VALIDATOR,PENDING,,,"Rendered at 150 DPI; passed geometric AST preflight (margins, fonts, bounds); direct raster inspection pending"
457,f2211520a13e878a275546e6aa1519c1d0d32fb665caa224f95efe1dc566ce09,08967662826588a6a7ab8da81f9aaa883578c87af2d3d68765cff42d35c3eeb2,GEOMETRY_HEURISTIC_ONLY,AUTOMATED_VALIDATOR,PENDING,,,"Rendered at 150 DPI; passed geometric AST preflight (margins, fonts, bounds); direct raster inspection pending"
458,f2211520a13e878a275546e6aa1519c1d0d32fb665caa224f95efe1dc566ce09,9ab8d5104eca69fe1d206b26786c09aa87dc1ed5fa32f88a4a86874fa4c5cf7e,GEOMETRY_HEURISTIC_ONLY,AUTOMATED_VALIDATOR,PENDING,,,"Rendered at 150 DPI; passed geometric AST preflight (margins, fonts, bounds); direct raster inspection pending"
459,f2211520a13e878a275546e6aa1519c1d0d32fb665caa224f95efe1dc566ce09,5bfe8d16a7d6b3ebb5907c536c88404319851ece547df17207eaac4a866a6bc9,GEOMETRY_HEURISTIC_ONLY,AUTOMATED_VALIDATOR,PENDING,,,"Rendered at 150 DPI; passed geometric AST preflight (margins, fonts, bounds); direct raster inspection pending"
460,f2211520a13e878a275546e6aa1519c1d0d32fb665caa224f95efe1dc566ce09,a1b1fe2cc53c279de8951c4295e23bae14854b622e178a70d0ec0b02550eb891,GEOMETRY_HEURISTIC_ONLY,AUTOMATED_VALIDATOR,PENDING,,,"Rendered at 150 DPI; passed geometric AST preflight (margins, fonts, bounds); direct raster inspection pending"
461,f2211520a13e878a275546e6aa1519c1d0d32fb665caa224f95efe1dc566ce09,620947ef742618ead0488a48ab17d9b80bbdded31ee23f55e26e22ac77158e99,GEOMETRY_HEURISTIC_ONLY,AUTOMATED_VALIDATOR,PENDING,,,"Rendered at 150 DPI; passed geometric AST preflight (margins, fonts, bounds); direct raster inspection pending"
462,f2211520a13e878a275546e6aa1519c1d0d32fb665caa224f95efe1dc566ce09,d7cb8ec9ba3ec9efab514515a6c376e304cfb8b7810eb6feef08092cd7702875,GEOMETRY_HEURISTIC_ONLY,AUTOMATED_VALIDATOR,PENDING,,,"Rendered at 150 DPI; passed geometric AST preflight (margins, fonts, bounds); direct raster inspection pending"
463,f2211520a13e878a275546e6aa1519c1d0d32fb665caa224f95efe1dc566ce09,f2a605d011f5af59183d16079f79b1b1c85c96cb7b46f4e5aeac4037fd89ff67,GEOMETRY_HEURISTIC_ONLY,AUTOMATED_VALIDATOR,PENDING,,,"Rendered at 150 DPI; passed geometric AST preflight (margins, fonts, bounds); direct raster inspection pending"
464,f2211520a13e878a275546e6aa1519c1d0d32fb665caa224f95efe1dc566ce09,7eb25aa4802624388f46ff8b5f8bd9258fd574a825a0a9a5b0eb6241daf41455,GEOMETRY_HEURISTIC_ONLY,AUTOMATED_VALIDATOR,PENDING,,,"Rendered at 150 DPI; passed geometric AST preflight (margins, fonts, bounds); direct raster inspection pending"
465,f2211520a13e878a275546e6aa1519c1d0d32fb665caa224f95efe1dc566ce09,91a10dc9fb740dc087f6e9f8ee9661c3bc2cfef4e51c02955478eb55e9501df9,GEOMETRY_HEURISTIC_ONLY,AUTOMATED_VALIDATOR,PENDING,,,"Rendered at 150 DPI; passed geometric AST preflight (margins, fonts, bounds); direct raster inspection pending"
466,f2211520a13e878a275546e6aa1519c1d0d32fb665caa224f95efe1dc566ce09,3c1d0903fce60dabf7c7847d4de21db0fba74ac771bd9867ca0e92156b6fff2d,GEOMETRY_HEURISTIC_ONLY,AUTOMATED_VALIDATOR,PENDING,,,"Rendered at 150 DPI; passed geometric AST preflight (margins, fonts, bounds); direct raster inspection pending"
467,f2211520a13e878a275546e6aa1519c1d0d32fb665caa224f95efe1dc566ce09,389d997317343037b71954497a14e1b7a29c6a993edf0573361293e04f7e6156,GEOMETRY_HEURISTIC_ONLY,AUTOMATED_VALIDATOR,PENDING,,,"Rendered at 150 DPI; passed geometric AST preflight (margins, fonts, bounds); direct raster inspection pending"
468,f2211520a13e878a275546e6aa1519c1d0d32fb665caa224f95efe1dc566ce09,738df8d7bb3884cd1d19018a5d9a5bed66cbe6c8d5339db88976ffac2335a41b,GEOMETRY_HEURISTIC_ONLY,AUTOMATED_VALIDATOR,PENDING,,,"Rendered at 150 DPI; passed geometric AST preflight (margins, fonts, bounds); direct raster inspection pending"
469,f2211520a13e878a275546e6aa1519c1d0d32fb665caa224f95efe1dc566ce09,a981c5eb0d6631a79e891b6de556439a4f0f68298c145ad3aa62482dde98d708,GEOMETRY_HEURISTIC_ONLY,AUTOMATED_VALIDATOR,PENDING,,,"Rendered at 150 DPI; passed geometric AST preflight (margins, fonts, bounds); direct raster inspection pending"
470,f2211520a13e878a275546e6aa1519c1d0d32fb665caa224f95efe1dc566ce09,fd16591e2dba05e370e1332c2b79f7c8de10279af80cbb7d40435e8a3c58feb3,GEOMETRY_HEURISTIC_ONLY,AUTOMATED_VALIDATOR,PENDING,,,"Rendered at 150 DPI; passed geometric AST preflight (margins, fonts, bounds); direct raster inspection pending"
471,f2211520a13e878a275546e6aa1519c1d0d32fb665caa224f95efe1dc566ce09,f602030852abdb1a44068e48ffa1e3cd17a7fe433614047ba7ca60b92f9429d0,GEOMETRY_HEURISTIC_ONLY,AUTOMATED_VALIDATOR,PENDING,,,"Rendered at 150 DPI; passed geometric AST preflight (margins, fonts, bounds); direct raster inspection pending"
472,f2211520a13e878a275546e6aa1519c1d0d32fb665caa224f95efe1dc566ce09,baccce7f8e6ba357e89eceeb4ae0ed3ea484f9cfd8430022f16173d8876067f3,GEOMETRY_HEURISTIC_ONLY,AUTOMATED_VALIDATOR,PENDING,,,"Rendered at 150 DPI; passed geometric AST preflight (margins, fonts, bounds); direct raster inspection pending"
473,f2211520a13e878a275546e6aa1519c1d0d32fb665caa224f95efe1dc566ce09,dda8b3a056415a610aa9174f48177e4584e9e93ea22a9f7426470803435cf80e,GEOMETRY_HEURISTIC_ONLY,AUTOMATED_VALIDATOR,PENDING,,,"Rendered at 150 DPI; passed geometric AST preflight (margins, fonts, bounds); direct raster inspection pending"
474,f2211520a13e878a275546e6aa1519c1d0d32fb665caa224f95efe1dc566ce09,fe0d8d1a897dc91dd3af6cfc21b49a7460def3562df25955b8f5a7663e1e4c3c,GEOMETRY_HEURISTIC_ONLY,AUTOMATED_VALIDATOR,PENDING,,,"Rendered at 150 DPI; passed geometric AST preflight (margins, fonts, bounds); direct raster inspection pending"
475,f2211520a13e878a275546e6aa1519c1d0d32fb665caa224f95efe1dc566ce09,63530876b2ce3c225787b4102d288aff906019c23a03d2c4c101db5ed991bd45,GEOMETRY_HEURISTIC_ONLY,AUTOMATED_VALIDATOR,PENDING,,,"Rendered at 150 DPI; passed geometric AST preflight (margins, fonts, bounds); direct raster inspection pending"
476,f2211520a13e878a275546e6aa1519c1d0d32fb665caa224f95efe1dc566ce09,ac7d1a93c9d6f36f74b4af043a1faec9dafd23c86be44ad3a3ab8d66a2d3066c,GEOMETRY_HEURISTIC_ONLY,AUTOMATED_VALIDATOR,PENDING,,,"Rendered at 150 DPI; passed geometric AST preflight (margins, fonts, bounds); direct raster inspection pending"
477,f2211520a13e878a275546e6aa1519c1d0d32fb665caa224f95efe1dc566ce09,2cebe5bb33875fff723ed3fa29ac9f4b4ba6016ccb534ba054bed9eaac4d787d,GEOMETRY_HEURISTIC_ONLY,AUTOMATED_VALIDATOR,PENDING,,,"Rendered at 150 DPI; passed geometric AST preflight (margins, fonts, bounds); direct raster inspection pending"
478,f2211520a13e878a275546e6aa1519c1d0d32fb665caa224f95efe1dc566ce09,f411d6c45dcfd5993304cd5c1697b03c324f59df614cc299fe706ce99080acb7,GEOMETRY_HEURISTIC_ONLY,AUTOMATED_VALIDATOR,PENDING,,,"Rendered at 150 DPI; passed geometric AST preflight (margins, fonts, bounds); direct raster inspection pending"
479,f2211520a13e878a275546e6aa1519c1d0d32fb665caa224f95efe1dc566ce09,6ccf849abaccaa8ed20ed9c77896e1e1fa89757cbd4c925d6ded1509ba9c0c3e,GEOMETRY_HEURISTIC_ONLY,AUTOMATED_VALIDATOR,PENDING,,,"Rendered at 150 DPI; passed geometric AST preflight (margins, fonts, bounds); direct raster inspection pending"
480,f2211520a13e878a275546e6aa1519c1d0d32fb665caa224f95efe1dc566ce09,0585c78ef0dad018bac4fcb714143ca6a136c311319cdd92f20c3611365fe63f,GEOMETRY_HEURISTIC_ONLY,AUTOMATED_VALIDATOR,PENDING,,,"Rendered at 150 DPI; passed geometric AST preflight (margins, fonts, bounds); direct raster inspection pending"
481,f2211520a13e878a275546e6aa1519c1d0d32fb665caa224f95efe1dc566ce09,0d2481d7dce9bc110b169577f2d93ae99d8666d1e5126af18aa3bb54cc8c5a9b,GEOMETRY_HEURISTIC_ONLY,AUTOMATED_VALIDATOR,PENDING,,,"Rendered at 150 DPI; passed geometric AST preflight (margins, fonts, bounds); direct raster inspection pending"
482,f2211520a13e878a275546e6aa1519c1d0d32fb665caa224f95efe1dc566ce09,36b82c81a27526776063b426c1f2ad3c8a85a1f0ea3eca4923b05c7e002ae569,GEOMETRY_HEURISTIC_ONLY,AUTOMATED_VALIDATOR,PENDING,,,"Rendered at 150 DPI; passed geometric AST preflight (margins, fonts, bounds); direct raster inspection pending"
483,f2211520a13e878a275546e6aa1519c1d0d32fb665caa224f95efe1dc566ce09,76b7f3e67f257c2d81a57ae303c9d250f6e66b2c4e7e97d1d2520dae05bb9fb7,GEOMETRY_HEURISTIC_ONLY,AUTOMATED_VALIDATOR,PENDING,,,"Rendered at 150 DPI; passed geometric AST preflight (margins, fonts, bounds); direct raster inspection pending"
484,f2211520a13e878a275546e6aa1519c1d0d32fb665caa224f95efe1dc566ce09,291382d416558068f5e7bb72fadf45e40ebd9122621e288afe5b4e36ef01e3de,RASTER_IMAGE_INSPECTION,VISION_MODEL,PASS,2026-10-08T07:05:00Z,,"Phụ lục A Opener: Header ATLAS LỖI GO, description, Table Taxonomy A-J, Table 30s reflex map, folio 484"
485,f2211520a13e878a275546e6aa1519c1d0d32fb665caa224f95efe1dc566ce09,8cb42a6110743d588dc33dd80834af92559dee3a9564959e19a25d89663c98c1,GEOMETRY_HEURISTIC_ONLY,AUTOMATED_VALIDATOR,PENDING,,,"Rendered at 150 DPI; passed geometric AST preflight (margins, fonts, bounds); direct raster inspection pending"
486,f2211520a13e878a275546e6aa1519c1d0d32fb665caa224f95efe1dc566ce09,bceb31b958c5cce2f84703929329d07224ab34d70db45d13c3c40db37b11ecf1,GEOMETRY_HEURISTIC_ONLY,AUTOMATED_VALIDATOR,PENDING,,,"Rendered at 150 DPI; passed geometric AST preflight (margins, fonts, bounds); direct raster inspection pending"
487,f2211520a13e878a275546e6aa1519c1d0d32fb665caa224f95efe1dc566ce09,b2de4bac5bb5033b41909ccdc7a050329a9156311657578c2e52bab64ee670a9,GEOMETRY_HEURISTIC_ONLY,AUTOMATED_VALIDATOR,PENDING,,,"Rendered at 150 DPI; passed geometric AST preflight (margins, fonts, bounds); direct raster inspection pending"
488,f2211520a13e878a275546e6aa1519c1d0d32fb665caa224f95efe1dc566ce09,ba078b082955a60b18c1f6a2fd7cb1347c03d7af19da7fe484950d370f9629b9,GEOMETRY_HEURISTIC_ONLY,AUTOMATED_VALIDATOR,PENDING,,,"Rendered at 150 DPI; passed geometric AST preflight (margins, fonts, bounds); direct raster inspection pending"
489,f2211520a13e878a275546e6aa1519c1d0d32fb665caa224f95efe1dc566ce09,dbca9e1b59b8f53aac911e746f5bf98e499cb405f37db323bb8d63c974e5df07,GEOMETRY_HEURISTIC_ONLY,AUTOMATED_VALIDATOR,PENDING,,,"Rendered at 150 DPI; passed geometric AST preflight (margins, fonts, bounds); direct raster inspection pending"
490,f2211520a13e878a275546e6aa1519c1d0d32fb665caa224f95efe1dc566ce09,d427affa9ff49908001f3a97794f3ef2297a6144dc1a6682433942cacf4d8312,GEOMETRY_HEURISTIC_ONLY,AUTOMATED_VALIDATOR,PENDING,,,"Rendered at 150 DPI; passed geometric AST preflight (margins, fonts, bounds); direct raster inspection pending"
491,f2211520a13e878a275546e6aa1519c1d0d32fb665caa224f95efe1dc566ce09,376142637b03eb9061e1a7ee9100857e3b7bbab9dc29660b2fb0a60f7040d0cc,GEOMETRY_HEURISTIC_ONLY,AUTOMATED_VALIDATOR,PENDING,,,"Rendered at 150 DPI; passed geometric AST preflight (margins, fonts, bounds); direct raster inspection pending"
492,f2211520a13e878a275546e6aa1519c1d0d32fb665caa224f95efe1dc566ce09,4091c4b54ee329641cf655874307d0ef74df0233cd4f7569d97f29a539553de8,GEOMETRY_HEURISTIC_ONLY,AUTOMATED_VALIDATOR,PENDING,,,"Rendered at 150 DPI; passed geometric AST preflight (margins, fonts, bounds); direct raster inspection pending"
493,f2211520a13e878a275546e6aa1519c1d0d32fb665caa224f95efe1dc566ce09,fc807ffa1baaef40aa49978267120f234e85145ca53bd662ac21d88c30e24d91,RASTER_IMAGE_INSPECTION,VISION_MODEL,PASS,2026-10-08T07:05:00Z,,"Final Page: Two-column layout, J06-J08 on left, J09-J11 on right, J11 cleanly terminating with folio 493"
